[
  {
    "Type": "Scoreboard",
    "X": 5.0,
    "Y": 0.0,
    "Scale": 1.0,
    "HorizontalFacing": "Right",
    "VerticalFacing": "Middle",
    "Text-R": 255,
    "Text-G": 255,
    "Text-B": 255,
    "Background-R": 0,
    "Background-G": 0,
    "Background-B": 0,
    "Background-Alpha": 0,
    "Rect": false,
    "Rect-Color": "Custom",
    "Rect-R": 0,
    "Rect-G": 111,
    "Rect-B": 255,
    "Rect-Alpha": 255,
    "RainbowBar": false,
    "Shadow": false,
    "ServerIp": "ClientName",
    "NoPoints": true,
    "Font": {
      "fontName": "Minecraft",
      "fontSize": -1
    },
    "Blur": 0.0
  },
  {
    "Type": "Armor",
    "X": -8.0,
    "Y": 57.0,
    "Scale": 0.79999995,
    "HorizontalFacing": "Middle",
    "VerticalFacing": "Down",
    "Alignment": "Horizontal",
    "Blur": 0.0
  },
  {
    "Type": "Notifications",
    "X": 0.0,
    "Y": 0.0,
    "Scale": 1.0,
    "HorizontalFacing": "Right",
    "VerticalFacing": "Down",
    "BackGroundAlpha": 235,
    "Title Shadow": false,
    "Motion blur": false,
    "Content Shadow": true,
    "Blur": 0.0
  },
  {
    "Type": "Statistics",
    "X": 0.0,
    "Y": 11.0,
    "Scale": 1.0,
    "HorizontalFacing": "Left",
    "VerticalFacing": "Up",
    "RectAlpha": 150,
    "TextAlpha": 200,
    "Rect-R": 0,
    "Rect-G": 0,
    "Rect-B": 0,
    "Blur": 0.0
  },
  {
    "Type": "Targets",
    "X": -40.0,
    "Y": 294.0,
    "Scale": 0.9,
    "HorizontalFacing": "Middle",
    "VerticalFacing": "Up",
    "Mode": "Tenacity",
    "RiseMode": "New2",
    "AnimSpeed": 10,
    "HpAnimType": "SINE",
    "HpAnimOrder": "FAST_AT_START",
    "SwitchMode": "Slide",
    "SwitchAnimType": "SINE",
    "SwitchAnimOrder": "FAST_AT_START",
    "SwitchAnimSpeed": 20,
    "ArrisRounded": true,
    "RiseAlpha": 130,
    "Rise-Count": 5,
    "Rise-Size": 1.0,
    "Rise-Alpha": 0.7,
    "Rise-Distance": 1.0,
    "Rise-MoveTime": 20,
    "Rise-FadeTime": 20,
    "Font": {
      "fontName": "MiSans Regular",
      "fontSize": 40
    },
    "Blur": 0.0
  },
  {
    "Type": "Arraylist",
    "X": 0.0,
    "Y": 1.0,
    "Scale": 1.0,
    "HorizontalFacing": "Right",
    "VerticalFacing": "Up",
    "Text-Color": "Rainbow",
    "Text-R": 174,
    "Text-G": 111,
    "Text-B": 255,
    "Tag-Color": "Custom",
    "Tag-R": 195,
    "Tag-G": 195,
    "Tag-B": 195,
    "AllSpeed": 0,
    "Rect-Color": "AnotherRainbow",
    "Rect-R": 174,
    "Rect-G": 110,
    "Rect-B": 255,
    "Rect-Alpha": 255,
    "Random-Saturation": 0.9,
    "Random-Brightness": 1.0,
    "TagsStyle": "[]",
    "ShadowText": true,
    "SplitName": false,
    "SlideInAnimation": false,
    "NoRenderModules": true,
    "Background-Color": "Custom",
    "Background-R": 0,
    "Background-G": 0,
    "Background-B": 0,
    "Background-Alpha": 33,
    "Background-Expand": 1,
    "RainbowSpeed": 1,
    "Rect": "None",
    "Case": "Normal",
    "Space": 0.0,
    "TextHeight": 11.0,
    "TextY": 1.0,
    "Font": {
      "fontName": "MiSans Regular",
      "fontSize": 40
    },
    "Blur": 0.0
  }
]