{
  "Client": {
    "open": true,
    "visible": true,
    "posX": 462,
    "posY": -59,
    "Animations": {
      "Settings": false
    },
    "CapeManager": {
      "Settings": true
    },
    "ClickGUI": {
      "Settings": true
    },
    "DiscordRPC": {
      "Settings": false
    },
    "FDPScriptManager": {
      "Settings": true
    },
    "HUD": {
      "Settings": false
    },
    "HudDesigner": {
      "Settings": false
    },
    "HurtCam": {
      "Settings": false
    },
    "KeyBindManager": {
      "Settings": true
    },
    "Modules": {
      "Settings": false
    },
    "NameProtect": {
      "Settings": false
    },
    "NoAchievements": {
      "Settings": false
    },
    "Performance": {
      "Settings": false
    },
    "Rotations": {
      "Settings": false
    },
    "ServerSwitcher": {
      "Settings": false
    },
    "Target": {
      "Settings": false
    },
    "Wings": {
      "Settings": false
    }
  },
  "Exploit": {
    "open": true,
    "visible": true,
    "posX": 702,
    "posY": 82,
    "AntiDesync": {
      "Settings": true
    },
    "ChatBypass": {
      "Settings": false
    },
    "Damage": {
      "Settings": false
    },
    "Disabler": {
      "Settings": false
    },
    "GhostHand": {
      "Settings": false
    },
    "ItemMagnet": {
      "Settings": false
    },
    "Kick": {
      "Settings": false
    },
    "PackSpoofer": {
      "Settings": true
    },
    "Phase": {
      "Settings": false
    },
    "PingSpoof": {
      "Settings": false
    },
    "Plugins": {
      "Settings": false
    },
    "ServerCrasher": {
      "Settings": false
    },
    "Teleport": {
      "Settings": false
    }
  },
  "Player": {
    "open": true,
    "visible": true,
    "posX": 131,
    "posY": 234,
    "AntiAim": {
      "Settings": false
    },
    "AntiVoid": {
      "Settings": false
    },
    "AutoReport": {
      "Settings": true
    },
    "AutoTool": {
      "Settings": false
    },
    "Blink": {
      "Settings": false
    },
    "Eagle": {
      "Settings": true
    },
    "FastUse": {
      "Settings": false
    },
    "Gapple": {
      "Settings": false
    },
    "HackerDetector": {
      "Settings": false
    },
    "InventoryCleaner": {
      "Settings": false
    },
    "KeyPearl": {
      "Settings": false
    },
    "MidClick": {
      "Settings": false
    },
    "NoFall": {
      "Settings": false
    },
    "PrevFallPos": {
      "Settings": false
    },
    "Regen": {
      "Settings": false
    }
  },
  "Render": {
    "open": true,
    "visible": true,
    "posX": 407,
    "posY": -411,
    "AntiBlind": {
      "Settings": false
    },
    "BetterFont": {
      "Settings": false
    },
    "BlockESP": {
      "Settings": false
    },
    "BlockOverlay": {
      "Settings": false
    },
    "Breadcrumbs": {
      "Settings": false
    },
    "CameraClip": {
      "Settings": false
    },
    "Chams": {
      "Settings": false
    },
    "ChinaHat": {
      "Settings": false
    },
    "Crosshair": {
      "Settings": false
    },
    "DamageParticle": {
      "Settings": false
    },
    "ESP": {
      "Settings": true
    },
    "ESP2D": {
      "Settings": false
    },
    "FollowTargetHud": {
      "Settings": false
    },
    "FreeCam": {
      "Settings": false
    },
    "Glint": {
      "Settings": false
    },
    "GlowESP": {
      "Settings": false
    },
    "HPChecker": {
      "Settings": false
    },
    "HitEffect": {
      "Settings": false
    },
    "ItemESP": {
      "Settings": false
    },
    "ItemPhysics": {
      "Settings": false
    },
    "NameTags": {
      "Settings": false
    },
    "NoBob": {
      "Settings": false
    },
    "NoFOV": {
      "Settings": false
    },
    "NoRender": {
      "Settings": false
    },
    "Particles": {
      "Settings": false
    },
    "PointerESP": {
      "Settings": false
    },
    "Projectiles": {
      "Settings": false
    },
    "Radar": {
      "Settings": false
    },
    "StorageESP": {
      "Settings": false
    },
    "SuperheroFX": {
      "Settings": false
    },
    "Tracers": {
      "Settings": false
    },
    "TrueSight": {
      "Settings": false
    },
    "XRay": {
      "Settings": true
    }
  },
  "World": {
    "open": true,
    "visible": true,
    "posX": 12,
    "posY": -63,
    "Ambience": {
      "Settings": true
    },
    "ChestAura": {
      "Settings": false
    },
    "ChestStealer": {
      "Settings": false
    },
    "FastBreak": {
      "Settings": false
    },
    "FastPlace": {
      "Settings": false
    },
    "Fisher": {
      "Settings": false
    },
    "Fucker": {
      "Settings": false
    },
    "LightningDetect": {
      "Settings": false
    },
    "NoSlowBreak": {
      "Settings": false
    },
    "Nuker": {
      "Settings": false
    },
    "Scaffold": {
      "Settings": false
    },
    "SpeedMine": {
      "Settings": false
    },
    "Timer": {
      "Settings": false
    }
  },
  "Misc": {
    "open": true,
    "visible": true,
    "posX": 269,
    "posY": -100,
    "----Ran16Config----": {
      "Settings": false
    },
    "AntiBot": {
      "Settings": false
    },
    "AntiExploit": {
      "Settings": false
    },
    "AntiStaff": {
      "Settings": true
    },
    "AntiVanish": {
      "Settings": false
    },
    "AuthBypass": {
      "Settings": false
    },
    "AutoIgnore": {
      "Settings": false
    },
    "AutoLogin": {
      "Settings": false
    },
    "AutoPlay": {
      "Settings": false
    },
    "ChatTranslator": {
      "Settings": false
    },
    "HealthWarn": {
      "Settings": false
    },
    "KillInsults": {
      "Settings": false
    },
    "KillSay": {
      "Settings": false
    },
    "MurderDetector": {
      "Settings": false
    },
    "NoRotateSet": {
      "Settings": false
    },
    "Rotation": {
      "Settings": false
    },
    "SilentDisconnect": {
      "Settings": false
    },
    "Spammer": {
      "Settings": false
    },
    "Teams": {
      "Settings": false
    },
    "TestScaffold": {
      "Settings": false
    },
    "Title": {
      "Settings": true
    },
    "VelocityPlus": {
      "Settings": false
    }
  },
  "Combat": {
    "open": true,
    "visible": true,
    "posX": 311,
    "posY": 239,
    "Aimbot": {
      "Settings": false
    },
    "AntiFireBall": {
      "Settings": false
    },
    "AutoBow": {
      "Settings": false
    },
    "AutoClicker": {
      "Settings": true
    },
    "AutoPot": {
      "Settings": false
    },
    "AutoSoup": {
      "Settings": false
    },
    "AutoWeapon": {
      "Settings": false
    },
    "BowAimbot": {
      "Settings": false
    },
    "ComboOneHit": {
      "Settings": false
    },
    "Criticals": {
      "Settings": false
    },
    "FastBow": {
      "Settings": false
    },
    "HitBox": {
      "Settings": false
    },
    "InfiniteAura": {
      "Settings": false
    },
    "KillAura": {
      "Settings": false
    },
    "Reach": {
      "Settings": false
    },
    "SCriticals": {
      "Settings": false
    },
    "SuperKnockback": {
      "Settings": false
    },
    "Velocity": {
      "Settings": false
    },
    "VulcanCriticals": {
      "Settings": true
    }
  },
  "Movement": {
    "open": true,
    "visible": true,
    "posX": 550,
    "posY": 238,
    "AirLadder": {
      "Settings": false
    },
    "AntiStuck": {
      "Settings": false
    },
    "BoatJump": {
      "Settings": false
    },
    "BowJump": {
      "Settings": false
    },
    "Fly": {
      "Settings": false
    },
    "Freeze": {
      "Settings": true
    },
    "Glide": {
      "Settings": false
    },
    "HighJump": {
      "Settings": false
    },
    "InventoryMove": {
      "Settings": false
    },
    "Jesus": {
      "Settings": false
    },
    "LongJump": {
      "Settings": false
    },
    "NoJumpDelay": {
      "Settings": false
    },
    "NoSlow": {
      "Settings": false
    },
    "NoWeb": {
      "Settings": false
    },
    "Parkour": {
      "Settings": false
    },
    "SafeWalk": {
      "Settings": false
    },
    "Speed": {
      "Settings": false
    },
    "Spider": {
      "Settings": false
    },
    "Sprint": {
      "Settings": false
    },
    "Step": {
      "Settings": false
    },
    "Strafe": {
      "Settings": false
    },
    "TargetStrafe": {
      "Settings": false
    },
    "VulCanNoSlow": {
      "Settings": false
    }
  }
}