[
  {
    "Type": "Effects",
    "X": 0.0,
    "Y": 28.0,
    "Scale": 1.0,
    "HorizontalFacing": "Right",
    "VerticalFacing": "Down",
    "Blur": 0.0
  },
  {
    "Type": "Effects",
    "X": 394.0,
    "Y": 255.0,
    "Scale": 1.0,
    "HorizontalFacing": "Left",
    "VerticalFacing": "Up",
    "Blur": 0.0
  },
  {
    "Type": "Armor",
    "X": 92.0,
    "Y": 42.0,
    "Scale": 0.8999999,
    "HorizontalFacing": "Middle",
    "VerticalFacing": "Down",
    "Alignment": "Vertical",
    "Blur": 0.0
  },
  {
    "Type": "SpeedGraph",
    "X": -202.0,
    "Y": -88.0,
    "Scale": 0.49999988,
    "HorizontalFacing": "Middle",
    "VerticalFacing": "Down",
    "yMultiplier": 1.4634147,
    "Height": 57,
    "Width": 129,
    "Thickness": 1.3414634,
    "Smoothness": 0.86585367,
    "R": 0,
    "G": 255,
    "B": 255,
    "BGRed": 0,
    "BGGreen": 0,
    "BGBlue": 0,
    "BGAlpha": 0,
    "BDRed": 255,
    "BDGreen": 255,
    "BDBlue": 255,
    "Boarder": false,
    "CurrentLine": false,
    "CLRed": 0,
    "CLGreen": 255,
    "CLBlue": 0,
    "Blur": 0.0
  },
  {
    "Type": "Scoreboard",
    "X": 8.0,
    "Y": 19.0,
    "Scale": 1.0,
    "HorizontalFacing": "Right",
    "VerticalFacing": "Middle",
    "Text-R": 255,
    "Text-G": 255,
    "Text-B": 255,
    "Background-R": 0,
    "Background-G": 0,
    "Background-B": 0,
    "Background-Alpha": 0,
    "Rect": false,
    "Rect-Color": "Custom",
    "Rect-R": 255,
    "Rect-G": 0,
    "Rect-B": 0,
    "Rect-Alpha": 255,
    "RainbowBar": true,
    "Shadow": true,
    "ServerIp": "None",
    "NoPoints": true,
    "Font": {
      "fontName": "Minecraft",
      "fontSize": -1
    },
    "Blur": 0.0
  },
  {
    "Type": "Notifications",
    "X": 6.0,
    "Y": -1.0,
    "Scale": 1.0,
    "HorizontalFacing": "Right",
    "VerticalFacing": "Down",
    "BackGroundAlpha": 255,
    "Title Shadow": false,
    "Motion blur": false,
    "Content Shadow": false,
    "Blur": 0.0
  },
  {
    "Type": "Targets",
    "X": 118.0,
    "Y": -104.0,
    "Scale": 1.0,
    "HorizontalFacing": "Middle",
    "VerticalFacing": "Middle",
    "Mode": "FDP",
    "RiseMode": "New2",
    "AnimSpeed": 10,
    "HpAnimType": "SINE",
    "HpAnimOrder": "FAST_AT_START",
    "SwitchMode": "Slide",
    "SwitchAnimType": "SINE",
    "SwitchAnimOrder": "FAST_AT_START",
    "SwitchAnimSpeed": 20,
    "ArrisRounded": true,
    "RiseAlpha": 13,
    "Rise-Count": 5,
    "Rise-Size": 1.0,
    "Rise-Alpha": 0.7,
    "Rise-Distance": 1.0,
    "Rise-MoveTime": 20,
    "Rise-FadeTime": 20,
    "Font": {
      "fontName": "MiSans Regular",
      "fontSize": 40
    },
    "Blur": 0.0
  },
  {
    "Type": "Arraylist",
    "X": -1.0,
    "Y": 2.0,
    "Scale": 1.0,
    "HorizontalFacing": "Right",
    "VerticalFacing": "Up",
    "Text-Color": "Rainbow",
    "Text-R": 0,
    "Text-G": 255,
    "Text-B": 255,
    "Tag-Color": "Custom",
    "Tag-R": 255,
    "Tag-G": 255,
    "Tag-B": 255,
    "AllSpeed": 0,
    "Rect-Color": "Rainbow",
    "Rect-R": 255,
    "Rect-G": 0,
    "Rect-B": 0,
    "Rect-Alpha": 255,
    "Random-Saturation": 0.9,
    "Random-Brightness": 1.0,
    "TagsStyle": "\u003c\u003e",
    "ShadowText": true,
    "SplitName": false,
    "SlideInAnimation": false,
    "NoRenderModules": true,
    "Background-Color": "Custom",
    "Background-R": 0,
    "Background-G": 0,
    "Background-B": 0,
    "Background-Alpha": 0,
    "Background-Expand": 2,
    "RainbowSpeed": 1,
    "Rect": "None",
    "Case": "Normal",
    "Space": 0.0,
    "TextHeight": 11.0,
    "TextY": 2.4,
    "Font": {
      "fontName": "Minecraft",
      "fontSize": -1
    },
    "Blur": 0.0
  }
]