[
  {
    "Type": "Armor",
    "X": -16.0,
    "Y": 60.0,
    "Scale": 1.0,
    "HorizontalFacing": "Middle",
    "VerticalFacing": "Down",
    "Alignment": "Horizontal"
  },
  {
    "Type": "Notifications",
    "X": -1.0,
    "Y": 10.0,
    "Scale": 1.0,
    "HorizontalFacing": "Right",
    "VerticalFacing": "Down"
  },
  {
    "Type": "Text",
    "X": 1.0,
    "Y": 45.0,
    "Scale": 1.0,
    "HorizontalFacing": "Left",
    "VerticalFacing": "Up",
    "DisplayText": "FuckerBed G SafeScaffold F",
    "Red": 164,
    "Green": 255,
    "Blue": 255,
    "Rainbow": false,
    "Rainbow-X": -1000.0,
    "Rainbow-Y": -1000.0,
    "Shadow": false,
    "Outline": false,
    "Rect": false,
    "OneTapRect": false,
    "SkeetRect": false,
    "OnlyWhtie": false,
    "Font": {
      "fontName": "Roboto Medium",
      "fontSize": 40
    }
  },
  {
    "Type": "Text",
    "X": 1.0,
    "Y": 28.0,
    "Scale": 0.95,
    "HorizontalFacing": "Left",
    "VerticalFacing": "Up",
    "DisplayText": "KillAura - R Regen X Criticals Z",
    "Red": 167,
    "Green": 255,
    "Blue": 255,
    "Rainbow": false,
    "Rainbow-X": -1000.0,
    "Rainbow-Y": -1000.0,
    "Shadow": false,
    "Outline": false,
    "Rect": false,
    "OneTapRect": false,
    "SkeetRect": false,
    "OnlyWhtie": false,
    "Font": {
      "fontName": "Roboto Medium",
      "fontSize": 40
    }
  },
  {
    "Type": "Arraylist",
    "X": -288.35003662109375,
    "Y": 254.9000015258789,
    "Scale": 1.2499998,
    "HorizontalFacing": "Middle",
    "VerticalFacing": "Middle",
    "BRainbowSpeed": 90,
    "BRainbow-Saturation": 1.0,
    "BRainbow-Brightness": 1.0,
    "BRainbow-R": 0,
    "BRainbow-B": 50,
    "BRainbow-G": 50,
    "Rainbow-X": -976.7442,
    "Rainbow-Y": -1000.0,
    "Text-Color": "OtherRainbow",
    "Text-R": 85,
    "Text-G": 83,
    "Text-B": 213,
    "TwoRainbow": 1.0,
    "Rect-Color": "OtherRainbow",
    "Rect-R": 255,
    "Rect-G": 124,
    "Rect-B": 255,
    "Rect-Alpha": 255,
    "Random-Saturation": 0.9,
    "Random-Brightness": 1.0,
    "Tags": true,
    "ShadowText": true,
    "Background-Color": "Custom",
    "Background-R": 0,
    "Background-G": 0,
    "Background-B": 0,
    "Background-Alpha": 0,
    "BackGroundWidth": 2,
    "Rect": "Right",
    "UpperCase": false,
    "Space": 0.0,
    "TextHeight": 10.94186,
    "TextY": 1.0,
    "TagsArrayColor": false,
    "NameBreak": false,
    "Font": {
      "fontName": "Roboto Medium",
      "fontSize": 40
    }
  },
  {
    "Type": "Scoreboard",
    "X": 4.0,
    "Y": -29.0,
    "Scale": 1.0,
    "HorizontalFacing": "Right",
    "VerticalFacing": "Middle",
    "Text-R": 255,
    "Text-G": 255,
    "Text-B": 255,
    "Background-R": 0,
    "Background-G": 0,
    "Background-B": 0,
    "Background-Alpha": 95,
    "Rect": false,
    "Rect-Color": "Custom",
    "Rect-R": 0,
    "Rect-G": 111,
    "Rect-B": 255,
    "Rect-Alpha": 255,
    "Shadow": false,
    "Font": {
      "fontName": "Minecraft Font",
      "fontSize": -1
    }
  },
  {
    "Type": "Target",
    "X": 250.66668701171875,
    "Y": 227.16668701171875,
    "Scale": 1.1999998,
    "HorizontalFacing": "Left",
    "VerticalFacing": "Up",
    "FadeSpeed": 9.0
  }
]
