[
  {
    "Type": "Scoreboard",
    "X": 5.0,
    "Y": 0.0,
    "Scale": 1.0,
    "HorizontalFacing": "Right",
    "VerticalFacing": "Middle",
    "Background-R": 0,
    "Background-G": 0,
    "Background-B": 0,
    "Background-Alpha": 95,
    "Rect": false,
    "Blur": false,
    "Blur-Strength": 0.0,
    "Color": "LiquidSlowly",
    "Alpha": 255,
    "Saturation": 0.9,
    "Brightness": 1.0,
    "Seconds": 2,
    "Delay": 50,
    "Shadow": false,
    "ChangeDomain": true,
    "ShowRedNumbers": false,
    "Font": {
      "fontName": "Minecraft Font",
      "fontSize": -1
    }
  },
  {
    "Type": "Scoreboard",
    "X": 5.0,
    "Y": 0.0,
    "Scale": 1.0,
    "HorizontalFacing": "Right",
    "VerticalFacing": "Middle",
    "Background-R": 0,
    "Background-G": 0,
    "Background-B": 0,
    "Background-Alpha": 95,
    "Rect": false,
    "Blur": false,
    "Blur-Strength": 0.0,
    "Color": "LiquidSlowly",
    "Alpha": 255,
    "Saturation": 0.9,
    "Brightness": 1.0,
    "Seconds": 2,
    "Delay": 50,
    "Shadow": false,
    "ChangeDomain": true,
    "ShowRedNumbers": false,
    "Font": {
      "fontName": "Minecraft Font",
      "fontSize": -1
    }
  },
  {
    "Type": "Hotbar",
    "X": 90.0,
    "Y": 264.0,
    "Scale": 1.0,
    "HorizontalFacing": "Left",
    "VerticalFacing": "Up"
  },
  {
    "Type": "Arraylist",
    "X": 6.0,
    "Y": 8.0,
    "Scale": 1.0,
    "HorizontalFacing": "Right",
    "VerticalFacing": "Up",
    "Color": "Custom",
    "Blur": false,
    "Blur-Strength": 0.0,
    "Alpha": 220,
    "Saturation": 0.9,
    "Brightness": 1.0,
    "Sky-Distance": 2,
    "CRainbow-Seconds": 2,
    "CRainbow-Distance": 2,
    "LiquidSlowly-Distance": 90,
    "Fade-Distance": 50,
    "HorizontalAnimation": "Slide",
    "VerticalAnimation": "Rise",
    "Animation-Speed": 0.4015254,
    "NameBreak": true,
    "Alphabetical-Order": false,
    "Tags": true,
    "TagsStyle": "|",
    "ShadowText": true,
    "Background-R": 4,
    "Background-G": 0,
    "Background-B": 0,
    "Background-Alpha": 0,
    "Rect-Right": "Top",
    "Rect-Left": "Left",
    "LowerCase": false,
    "Space": 0.0,
    "TextHeight": 11.0,
    "TextY": 1.0,
    "TagsArrayColor": false,
    "Font": {
      "fontName": "KomikaTitleBold",
      "fontSize": 18
    }
  },
  {
    "Type": "Notifications",
    "X": -1.0,
    "Y": 576.0,
    "Scale": 1.0,
    "HorizontalFacing": "Right",
    "VerticalFacing": "Up"
  },
  {
    "Type": "KeyStrokes",
    "X": 239.0,
    "Y": 202.0,
    "Scale": 1.25,
    "HorizontalFacing": "Left",
    "VerticalFacing": "Up",
    "BackGroundRed": 0,
    "BackGroundGreen": 0,
    "BackGroundBlue": 0,
    "BackGroundAlpha": 170,
    "TextRed": 109,
    "TextGreen": 255,
    "TextBlue": 255,
    "TextAlpha": 255,
    "HighLightPercent": 0.5,
    "AnimationSpeed": 300,
    "Outline": true,
    "OutlineBold": 1,
    "OutLineRainbow": false,
    "Font": {
      "fontName": "test",
      "fontSize": 16
    }
  },
  {
    "Type": "QQLogo",
    "X": 168.0,
    "Y": 279.0,
    "Scale": 1.0,
    "HorizontalFacing": "Left",
    "VerticalFacing": "Middle"
  },
  {
    "Type": "Inventory",
    "X": -9.0,
    "Y": 136.0,
    "Scale": 1.0,
    "HorizontalFacing": "Left",
    "VerticalFacing": "Up"
  },
  {
    "Type": "ModuleInfos",
    "X": 1023.0,
    "Y": 95.0,
    "Scale": 1.0,
    "HorizontalFacing": "Right",
    "VerticalFacing": "Up",
    "BGRed": 0,
    "BGGreen": 0,
    "BGBlue": 0,
    "BGAlpha": 150,
    "BDRed": 255,
    "BDGreen": 210,
    "BDBlue": 190,
    "Title": true,
    "BDRainbow": false,
    "Font": {
      "fontName": "Small",
      "fontSize": 18
    }
  },
  {
    "Type": "Target",
    "X": 729.0,
    "Y": 314.0,
    "Scale": 0.9,
    "HorizontalFacing": "Left",
    "VerticalFacing": "Up",
    "FadeSpeed": 3.4444444,
    "Red": 68,
    "Green": 255,
    "Blue": 255,
    "GradientRed": 255,
    "GradientGreen": 255,
    "GradientBlue": 255,
    "Font": {
      "fontName": "Minecraft Font",
      "fontSize": -1
    }
  },
  {
    "Type": "Scoreboard",
    "X": 5.0,
    "Y": 0.0,
    "Scale": 1.0,
    "HorizontalFacing": "Right",
    "VerticalFacing": "Middle",
    "Background-R": 67,
    "Background-G": 0,
    "Background-B": 0,
    "Background-Alpha": 95,
    "Rect": false,
    "Blur": false,
    "Blur-Strength": 0.0,
    "Color": "LiquidSlowly",
    "Alpha": 255,
    "Saturation": 0.9,
    "Brightness": 1.0,
    "Seconds": 2,
    "Delay": 50,
    "Shadow": false,
    "ChangeDomain": true,
    "ShowRedNumbers": false,
    "Font": {
      "fontName": "Minecraft Font",
      "fontSize": -1
    }
  }
]
