[
  {
    "Type": "Effects",
    "X": 332.0,
    "Y": 130.0,
    "Scale": 1.0,
    "HorizontalFacing": "Right",
    "VerticalFacing": "Down",
    "Font": {
      "fontName": "Bold",
      "fontSize": 45
    },
    "Shadow": false
  },
  {
    "Type": "Scoreboard",
    "X": 4.0,
    "Y": -11.0,
    "Scale": 1.0,
    "HorizontalFacing": "Right",
    "VerticalFacing": "Middle",
    "Text-R": 255,
    "Text-G": 255,
    "Text-B": 255,
    "Background-R": 0,
    "Background-G": 0,
    "Background-B": 0,
    "Background-Alpha": 95,
    "Rect": false,
    "Rect-Color": "Custom",
    "Rect-R": 0,
    "Rect-G": 111,
    "Rect-B": 255,
    "Rect-Alpha": 255,
    "Shadow": false,
    "Font": {
      "fontName": "Minecraft Font",
      "fontSize": -1
    }
  },
  {
    "Type": "Arraylist",
    "X": -170.0,
    "Y": 254.0,
    "Scale": 0.84999996,
    "HorizontalFacing": "Right",
    "VerticalFacing": "Middle",
    "BRainbowSpeed": 90,
    "BRainbow-Saturation": 1.0,
    "BRainbow-Brightness": 1.0,
    "BRainbow-R": 0,
    "BRainbow-B": 50,
    "BRainbow-G": 50,
    "Rainbow-X": -1000.0,
    "Rainbow-Y": -958.3334,
    "Text-Color": "OtherRainbow",
    "Text-R": 135,
    "Text-G": 255,
    "Text-B": 255,
    "TwoRainbow": 1.0,
    "Rect-Color": "Custom",
    "Rect-R": 132,
    "Rect-G": 255,
    "Rect-B": 255,
    "Rect-Alpha": 255,
    "Random-Saturation": 0.9,
    "Random-Brightness": 1.0,
    "Tags": true,
    "ShadowText": true,
    "Background-Color": "Custom",
    "Background-R": 0,
    "Background-G": 0,
    "Background-B": 0,
    "Background-Alpha": 0,
    "BackGroundWidth": 2,
    "Rect": "None",
    "UpperCase": false,
    "Space": 0.0,
    "TextHeight": 13.072917,
    "TextY": 1.0,
    "TagsArrayColor": false,
    "NameBreak": false,
    "Font": {
      "fontName": "Roboto-Italic ",
      "fontSize": 60
    }
  },
  {
    "Type": "Target",
    "X": 350.0,
    "Y": 309.0,
    "Scale": 1.0,
    "HorizontalFacing": "Left",
    "VerticalFacing": "Up",
    "FadeSpeed": 5.585366,
    "RainbowOffset": 0.0
  },
  {
    "Type": "Text",
    "X": 576.0,
    "Y": 498.0,
    "Scale": 1.0,
    "HorizontalFacing": "Left",
    "VerticalFacing": "Up",
    "DisplayText": "%fps%",
    "Red": 255,
    "Green": 255,
    "Blue": 255,
    "Rainbow": true,
    "Rainbow-X": -1000.0,
    "Rainbow-Y": -1000.0,
    "Shadow": true,
    "Font": {
      "fontName": "Bold",
      "fontSize": 30
    }
  },
  {
    "Type": "Armor",
    "X": -13.0,
    "Y": 60.0,
    "Scale": 1.0,
    "HorizontalFacing": "Middle",
    "VerticalFacing": "Down",
    "Alignment": "Horizontal"
  },
  {
    "Type": "Radar",
    "X": 5.0,
    "Y": 67.0,
    "Scale": 1.0,
    "HorizontalFacing": "Left",
    "VerticalFacing": "Up",
    "Size": 90.0,
    "View Distance": 4.0,
    "Player Shape": "Triangle",
    "Player Size": 2.0,
    "Use ESP Colors": true,
    "FOV Size": 10.0,
    "FOV Angle": 70.0,
    "Minimap": true,
    "Rainbow-X": -1000.0,
    "Rainbow-Y": -1000.0,
    "Background Red": 0,
    "Background Green": 0,
    "Background Blue": 0,
    "Background Alpha": 50,
    "Border Strength": 2.0,
    "Border Red": 0,
    "Border Green": 0,
    "Border Blue": 0,
    "Border Alpha": 150,
    "Border Rainbow": false
  },
  {
    "Type": "Notifications",
    "X": 25.0,
    "Y": 35.0,
    "Scale": 1.0,
    "HorizontalFacing": "Right",
    "VerticalFacing": "Down",
    "BackGroundAlpha": 255,
    "Font": {
      "fontName": "jello35",
      "fontSize": 37
    }
  }
]
