{
  "CommandPrefix": ".",
  "targets": {
    "TargetPlayer": true,
    "TargetMobs": false,
    "TargetAnimals": false,
    "TargetInvisible": false,
    "TargetDead": false
  },
  "features": {
    "AntiForge": false,
    "AntiForgeFML": true,
    "AntiForgeProxy": true,
    "AntiForgePayloads": true,
    "BungeeSpoof": false,
    "AutoReconnectDelay": 60000
  },
  "thealtening": {
    "API-Key": ""
  },
  "liquidchat": {
    "token": ""
  },
  "DonatorCape": {
    "TransferCode": "",
    "CapeEnabled": true
  },
  "Background": {
    "Enabled": true,
    "Particles": false
  },
  "Aimbot": {
    "Range": 4.4,
    "TurnSpeed": 2.0,
    "FOV": 180.0,
    "Center": false,
    "Lock": true,
    "OnClick": false,
    "Jitter": false
  },
  "Ambience": {
    "TimeMode": "Custom",
    "WeatherMode": "Sun",
    "CustomTime": 18981,
    "ChangeWorldTimeSpeed": 150,
    "WeatherStrength": 1.0
  },
  "AntiAFK": {
    "Mode": "Random",
    "SwingDelay": 100,
    "RotationDelay": 100,
    "RotationAngle": 1.0,
    "Jump": true,
    "Move": true,
    "Rotate": true,
    "Swing": true
  },
  "AntiBlind": {
    "Confusion": true,
    "Pumpkin": true,
    "Fire": false
  },
  "AntiBot": {
    "Tab": false,
    "TabMode": "Contains",
    "EntityID": false,
    "Color": false,
    "LivingTime": false,
    "LivingTimeTicks": 20,
    "Ground": false,
    "Air": false,
    "InvalidGround": false,
    "Swing": false,
    "Health": false,
    "Derp": false,
    "WasInvisible": false,
    "Armor": false,
    "Ping": false,
    "NeedHit": false,
    "DuplicateInWorld": false,
    "DuplicateInTab": false
  },
  "AtAllProvider": {
    "MinDelay": 500,
    "MaxDelay": 1000,
    "Retry": false
  },
  "AutoArmor": {
    "MinDelay": 0,
    "MaxDelay": 0,
    "InvOpen": false,
    "SimulateInventory": true,
    "NoMove": false,
    "ItemDelay": 0,
    "Hotbar": false
  },
  "AutoBow": {
    "WaitForBowAimbot": true
  },
  "AutoClicker": {
    "MaxCPS": 8,
    "MinCPS": 5,
    "Right": true,
    "Left": true,
    "Jitter": false
  },
  "AutoHead": {
    "EatHead": true,
    "EatApples": true,
    "Health": 10.0,
    "Delay": 750
  },
  "AutoLeave": {
    "Health": 8.0,
    "Mode": "Quit"
  },
  "AutoLobby": {
    "Health": 5.0,
    "CanHubChat": false,
    "AutoHubChatText": "You IS L",
    "AutoDisable-KillAura-Velocity": true,
    "KeepArmor": true
  },
  "AutoPot": {
    "Health": 15.0,
    "Delay": 500,
    "OpenInv": false,
    "SimulateInventory": true,
    "GroundDistance": 2.0,
    "Mode": "Normal"
  },
  "AutoRespawn": {
    "Instant": true
  },
  "AutoSoup": {
    "Health": 15.0,
    "Delay": 150,
    "OpenInv": false,
    "SimulateInventory": true,
    "Bowl": "Drop"
  },
  "AutoWeapon": {
    "SpoofItem": false,
    "SpoofTicks": 10
  },
  "Blink": {
    "Pulse": true,
    "PulseDelay": 0
  },
  "BlockESP": {
    "Mode": "Box",
    "Block": 168,
    "Radius": 40,
    "R": 255,
    "G": 179,
    "B": 72,
    "Rainbow": false
  },
  "BlockOverlay": {
    "R": 255,
    "G": 255,
    "B": 255,
    "Rainbow": false,
    "Info": false
  },
  "BlockWalk": {
    "Cobweb": true,
    "Snow": true
  },
  "BowAimbot": {
    "Silent": true,
    "Predict": true,
    "ThroughWalls": false,
    "PredictSize": 2.0,
    "Priority": "Direction",
    "Mark": true
  },
  "Breadcrumbs": {
    "R": 255,
    "G": 179,
    "B": 72,
    "Rainbow": false
  },
  "BufferSpeed": {
    "SpeedLimit": true,
    "MaxSpeed": 2.0,
    "Buffer": true,
    "Stairs": true,
    "StairsBoost": 1.87,
    "StairsMode": "New",
    "Slabs": true,
    "SlabsBoost": 1.87,
    "SlabsMode": "New",
    "Ice": false,
    "IceBoost": 1.342,
    "Snow": true,
    "SnowBoost": 1.87,
    "SnowPort": true,
    "Wall": true,
    "WallBoost": 1.87,
    "WallMode": "New",
    "HeadBlock": true,
    "HeadBlockBoost": 1.87,
    "Slime": true,
    "AirStrafe": false,
    "NoHurt": true
  },
  "BugUp": {
    "Mode": "TeleportBack",
    "MaxFallDistance": 10,
    "MaxDistanceToSetback": 2.5,
    "Indicator": true
  },
  "Chams": {
    "Targets": true,
    "Chests": false,
    "Items": false
  },
  "ChestAura": {
    "Range": 5.0,
    "Delay": 100,
    "ThroughWalls": true,
    "VisualSwing": true,
    "Chest": 54,
    "Rotations": true
  },
  "ChestStealer": {
    "MaxDelay": 200,
    "MinDelay": 150,
    "TakeRandomized": false,
    "OnlyItems": false,
    "NoCompass": false,
    "AutoClose": true,
    "AutoCloseMaxDelay": 0,
    "AutoCloseMinDelay": 0,
    "CloseOnFull": true,
    "ChestTitle": false
  },
  "CivBreak": {
    "Range": 5.0,
    "Rotations": true,
    "VisualSwing": true,
    "Air-Reset": true,
    "Range-Reset": true
  },
  "ClickGUI": {
    "Style": "LiquidBounce",
    "Scale": 0.45,
    "MaxElements": 5,
    "R": 0,
    "G": 160,
    "B": 255,
    "Rainbow": false
  },
  "Clip": {
    "Mode": "Teleport",
    "Horizontal": 0.0,
    "Vertical": 5.0
  },
  "ConsoleSpammer": {
    "Mode": "Payload",
    "Delay": 0
  },
  "Criticals": {
    "Mode": "SpartanSemi",
    "Delay": 0,
    "HurtTime": 10
  },
  "Damage": {
    "Mode": "AAC",
    "Damage": 4
  },
  "Derp": {
    "Headless": false,
    "Spinny": false,
    "Increment": 1.0
  },
  "ESP": {
    "Mode": "2D",
    "Outline-Width": 5.0,
    "WireFrame-Width": 5.0,
    "ShaderOutline-Radius": 2.0,
    "ShaderGlow-Radius": 3.0,
    "R": 255,
    "G": 255,
    "B": 255,
    "Rainbow": false,
    "Team": true
  },
  "EnchantEffect": {
    "R": 0,
    "G": 160,
    "B": 255,
    "Alpha": 255,
    "RainBow": false
  },
  "FastBow": {
    "Packets": 20
  },
  "FastBreak": {
    "BreakDamage": 0.8
  },
  "FastClimb": {
    "Mode": "Vanilla",
    "Speed": 0.2872
  },
  "FastPlace": {
    "Speed": 0
  },
  "FastStairs": {
    "Mode": "NCP",
    "LongJump": false
  },
  "FastUse": {
    "Mode": "CustomDelay",
    "NoMove": false,
    "CustomDelay": 0,
    "CustomSpeed": 2,
    "CustomTimer": 0.5
  },
  "Fly": {
    "Mode": "Vanilla",
    "VanillaSpeed": 2.8,
    "VanillaKickBypass": false,
    "NCPMotion": 0.0,
    "AAC1.9.10-Speed": 0.3,
    "AAC3.0.5-Fast": true,
    "AAC3.3.12-Motion": 10.0,
    "AAC3.3.13-Motion": 10.0,
    "Hypixel-Boost": true,
    "Hypixel-BoostDelay": 1200,
    "Hypixel-BoostTimer": 1.0,
    "MineplexSpeed": 1.0,
    "NeruxVace-Ticks": 6,
    "Mark": true
  },
  "FreeCam": {
    "Speed": 0.8,
    "Fly": true,
    "NoClip": true
  },
  "Fucker": {
    "Block": 26,
    "ThroughWalls": "None",
    "Range": 4.5,
    "Action": "Destroy",
    "Instant": true,
    "SwitchDelay": 0,
    "Swing": false,
    "Rotations": false,
    "Surroundings": false,
    "NoHit": false
  },
  "Fullbright": {
    "Mode": "NightVision"
  },
  "GhostHand": {
    "Block": 54
  },
  "HUD": {
    "BlackHotbar": true,
    "InventoryParticle": false,
    "Blur": false,
    "FontChat": false
  },
  "HighJump": {
    "Height": 5.0,
    "Mode": "Vanilla",
    "OnlyGlassPane": false
  },
  "HitBox": {
    "Size": 0.4
  },
  "HytDash": {
    "Mode": "NewLag",
    "LagPower": 8,
    "NewLagPower": 20
  },
  "HytFly": {
    "MotionXZ": 4.36,
    "MotionY": 4.55,
    "Bob": 1.33,
    "Delay": 5,
    "Timer": 1.01
  },
  "HytGetName": {
    "GetNameMode": "4V4/1V1"
  },
  "HytHighJump": {
    "Mode": "Lag",
    "BugPower": 5,
    "FlagPower": 5
  },
  "HytRun": {
    "MotionSpike": 5.0,
    "MotionY": 5.0
  },
  "HytSpeed": {
    "Speed": 0.5,
    "MotionY": 0.1
  },
  "IceSpeed": {
    "Mode": "NCP"
  },
  "Ignite": {
    "Lighter": true,
    "Lava": true
  },
  "InventoryCleaner": {
    "MaxDelay": 600,
    "MinDelay": 400,
    "InvOpen": false,
    "SimulateInventory": true,
    "NoMove": false,
    "IgnoreVehicles": false,
    "Hotbar": true,
    "RandomSlot": false,
    "Sort": true,
    "ItemDelay": 0,
    "SortSlot-1": "Sword",
    "SortSlot-2": "Bow",
    "SortSlot-3": "Pickaxe",
    "SortSlot-4": "Axe",
    "SortSlot-5": "None",
    "SortSlot-6": "None",
    "SortSlot-7": "Food",
    "SortSlot-8": "Block",
    "SortSlot-9": "Block"
  },
  "InventoryMove": {
    "Undetectable": false,
    "AACAdditionPro": false,
    "NoMoveClicks": false
  },
  "ItemESP": {
    "Mode": "Box",
    "R": 0,
    "G": 255,
    "B": 0,
    "Rainbow": true
  },
  "ItemTeleport": {
    "Mode": "New",
    "ResetAfterTP": true,
    "Button": "Middle"
  },
  "KeepAlive": {
    "Mode": "/heal"
  },
  "Kick": {
    "Mode": "Quit"
  },
  "KillAura": {
    "MaxCPS": 14,
    "MinCPS": 12,
    "HurtTime": 10,
    "Cooldown": 0.0,
    "SwitchDelay": 0,
    "Range": 4.0,
    "ThroughWallsRange": 0.0,
    "RangeSprintReducement": 0.0,
    "Priority": "Distance",
    "TargetMode": "Single",
    "Swing": true,
    "KeepSprint": true,
    "AutoBlock": "Off",
    "InteractAutoBlock": false,
    "BlockRate": 100,
    "RayCast": true,
    "RayCastIgnored": false,
    "LivingRayCast": false,
    "AAC": false,
    "MaxTurnSpeed": 130.0,
    "MinTurnSpeed": 90.0,
    "SilentRotation": true,
    "Strafe": "Off",
    "RandomCenter": false,
    "Outborder": false,
    "FOV": 180.0,
    "Predict": false,
    "MaxPredictSize": 5.0,
    "MinPredictSize": 5.0,
    "FailRate": 0.0,
    "FakeSwing": true,
    "NoInvAttack": false,
    "NoInvDelay": 200,
    "LimitedMultiTargets": 0,
    "Mark": true,
    "FakeSharp": true
  },
  "LiquidChat": {
    "JWT": false
  },
  "LiquidWalk": {
    "Mode": "Spartan",
    "NoJump": false,
    "AACFlyMotion": 0.5
  },
  "LongJump": {
    "Mode": "NCP",
    "NCPBoost": 4.21,
    "AutoJump": false
  },
  "NameProtect": {
    "AllPlayers": false,
    "SkinProtect": true,
    "FakeName": "\u0026cMe"
  },
  "NameTags": {
    "Health": true,
    "Ping": false,
    "Distance": true,
    "Armor": true,
    "ClearNames": false,
    "Font": {
      "fontName": "Minecraft Font",
      "fontSize": -1
    },
    "Border": true,
    "Scale": 1.0
  },
  "NoFOV": {
    "FOV": 1.14
  },
  "NoFall": {
    "Mode": "Spartan",
    "MinMLGHeight": 5.0
  },
  "NoPitchLimit": {
    "ServerSide": true
  },
  "NoRotateSet": {
    "Confirm": true,
    "ConfirmIllegalRotation": true,
    "NoZero": false
  },
  "NoSlow": {
    "BlockForwardMultiplier": 1.0,
    "BlockStrafeMultiplier": 1.0,
    "ConsumeForwardMultiplier": 1.0,
    "ConsumeStrafeMultiplier": 1.0,
    "BowForwardMultiplier": 0.2,
    "BowStrafeMultiplier": 0.21,
    "Packet": false,
    "Debug": false,
    "Soulsand": false
  },
  "NoSlowBreak": {
    "Air": true,
    "Water": false
  },
  "NoSwing": {
    "ServerSide": true
  },
  "NoWeb": {
    "Mode": "None"
  },
  "Nuker": {
    "Radius": 5.2,
    "ThroughWalls": false,
    "Priority": "Distance",
    "Rotations": true,
    "Layer": false,
    "HitDelay": 4,
    "Nuke": 1,
    "NukeDelay": 1
  },
  "OldHitting": {
    "Mode": "LiquidSense"
  },
  "Phase": {
    "Mode": "Vanilla"
  },
  "PingSpoof": {
    "MinDelay": 0,
    "MaxDelay": 0
  },
  "Projectiles": {
    "Color": "Custom",
    "R": 0,
    "G": 160,
    "B": 255
  },
  "ProphuntESP": {
    "R": 0,
    "G": 90,
    "B": 255,
    "Rainbow": false
  },
  "Reach": {
    "CombatReach": 3.5,
    "BuildReach": 5.0
  },
  "Regen": {
    "Mode": "NewSpartanPacket",
    "Health": 20,
    "Speed": 18,
    "NoAir": false,
    "PotionEffect": false
  },
  "ReverseStep": {
    "Motion": 1.0
  },
  "Rotations": {
    "Body": false
  },
  "SafeWalk": {
    "AirSafe": false
  },
  "Scaffold": {
    "Mode": "Normal",
    "MaxDelay": 271,
    "MinDelay": 43,
    "PlaceableDelay": true,
    "AutoBlock": "Spoof",
    "Sprint": false,
    "Swing": true,
    "Search": true,
    "Down": true,
    "Picker": true,
    "PlaceTiming": "Pre",
    "Eagle": "Silent",
    "BlocksToEagle": 0,
    "EagleEdgeDistance": 0.0,
    "ExpandLength": 0,
    "RotationStrafe": false,
    "RotationMode": "Off",
    "SilentRotation": true,
    "KeepRotation": false,
    "KeepRotationLength": 20,
    "StaticPitchOffset": 0.0,
    "StaticYawOffset": 0.0,
    "xzRange": 0.62,
    "yRange": 0.37,
    "SearchAccuracy": 1,
    "MaxTurnSpeed": 129.41,
    "MinTurnSpeed": 82.72,
    "Zitter": false,
    "ZitterMode": "Teleport",
    "ZitterSpeed": 0.1,
    "ZitterStrength": 0.0,
    "Timer": 0.75,
    "SpeedModifier": 0.8,
    "Slow": true,
    "SlowSpeed": 0.47,
    "SameY": true,
    "SafeWalk": true,
    "AirSafe": true,
    "Counter": true,
    "Mark": true
  },
  "ServerCrasher": {
    "Mode": "Book"
  },
  "SkinDerp": {
    "Delay": 0,
    "Hat": true,
    "Jacket": true,
    "LeftPants": true,
    "RightPants": true,
    "LeftSleeve": true,
    "RightSleeve": true
  },
  "SlimeJump": {
    "Motion": 0.42,
    "Mode": "Add"
  },
  "Sneak": {
    "Mode": "MineSecure",
    "StopMove": false
  },
  "Spammer": {
    "MaxDelay": 1000,
    "MinDelay": 500,
    "Message": "LiquidBounce Client | liquidbounce(.net) | CCBlueX on yt",
    "Custom": false
  },
  "Speed": {
    "Mode": "NCPBHop",
    "CustomSpeed": 1.23,
    "CustomY": 2.07,
    "CustomTimer": 1.93,
    "CustomStrafe": true,
    "CustomResetXZ": false,
    "CustomResetY": false,
    "AAC-PortLength": 1.0,
    "AACGround-Timer": 1.1,
    "CubeCraft-PortLength": 0.1,
    "MineplexGround-Speed": 0.1
  },
  "Sprint": {
    "AllDirections": false,
    "Blindness": false,
    "Food": false,
    "CheckServerSide": false,
    "CheckServerSideOnlyGround": false
  },
  "Step": {
    "Mode": "NCP",
    "Height": 1.0,
    "JumpHeight": 0.42,
    "Delay": 0
  },
  "StorageESP": {
    "Mode": "Outline",
    "Chest": true,
    "EnderChest": true,
    "Furnace": true,
    "Dispenser": true,
    "Hopper": true,
    "ShulkerBox": true
  },
  "SuperKnockback": {
    "HurtTime": 10
  },
  "TNTBlock": {
    "Fuse": 10,
    "Range": 9.0,
    "AutoSword": true
  },
  "Teams": {
    "ScoreboardTeam": false,
    "Color": false,
    "GommeSW": false,
    "ArmorColor": true
  },
  "Teleport": {
    "IgnoreNoCollision": false,
    "Mode": "Spoof",
    "Button": "Right"
  },
  "Timer": {
    "Speed": 4.73,
    "OnMove": false
  },
  "Tower": {
    "Mode": "Jump",
    "AutoBlock": false,
    "StayAutoBlock": false,
    "Swing": false,
    "StopWhenBlockAbove": false,
    "Rotations": false,
    "KeepRotation": false,
    "OnJump": false,
    "PlaceTiming": "Post",
    "Timer": 0.09,
    "JumpMotion": 0.37,
    "JumpDelay": 0,
    "ConstantMotion": 0.11,
    "ConstantMotionJumpGround": 0.76,
    "TeleportHeight": 0.14,
    "TeleportDelay": 0,
    "TeleportGround": false,
    "TeleportNoMotion": false,
    "Counter": false
  },
  "Tracers": {
    "Color": "Custom",
    "Thickness": 2.0,
    "R": 0,
    "G": 160,
    "B": 255
  },
  "Trigger": {
    "MaxCPS": 8,
    "MinCPS": 5
  },
  "TrueSight": {
    "Barriers": true,
    "Entities": true
  },
  "Velocity": {
    "Horizontal": 0.07,
    "Vertical": 0.03,
    "Mode": "Simple",
    "ReverseStrength": 0.1,
    "SmoothReverseStrength": 0.02,
    "AACPushXZReducer": 1.0,
    "AACPushYReducer": false
  },
  "WallClimb": {
    "Mode": "Simple",
    "ClipMode": "Fast",
    "CheckerClimbMotion": 0.0
  },
  "WaterSpeed": {
    "Speed": 1.27
  },
  "Zoot": {
    "BadEffects": true,
    "Fire": true,
    "NoAir": false
  }
}
