[
  {
    "Type": "Effects",
    "X": 332.0,
    "Y": 130.0,
    "Scale": 1.0,
    "HorizontalFacing": "Right",
    "VerticalFacing": "Down",
    "Font": {
      "fontName": "Bold",
      "fontSize": 45
    },
    "Shadow": false
  },
  {
    "Type": "Scoreboard",
    "X": 4.0,
    "Y": -11.0,
    "Scale": 1.0,
    "HorizontalFacing": "Right",
    "VerticalFacing": "Middle",
    "Text-R": 255,
    "Text-G": 255,
    "Text-B": 255,
    "Background-R": 0,
    "Background-G": 0,
    "Background-B": 0,
    "Background-Alpha": 95,
    "Rect": false,
    "Rect-Color": "Custom",
    "Rect-R": 0,
    "Rect-G": 111,
    "Rect-B": 255,
    "Rect-Alpha": 255,
    "Shadow": false,
    "Font": {
      "fontName": "Minecraft Font",
      "fontSize": -1
    }
  },
  {
    "Type": "Text",
    "X": 575.0,
    "Y": 474.0,
    "Scale": 1.0,
    "HorizontalFacing": "Left",
    "VerticalFacing": "Up",
    "DisplayText": "%fps%",
    "Red": 255,
    "Green": 255,
    "Blue": 255,
    "Rainbow": true,
    "Rainbow-X": -1000.0,
    "Rainbow-Y": -1000.0,
    "Shadow": true,
    "Font": {
      "fontName": "Bold",
      "fontSize": 30
    }
  },
  {
    "Type": "Target",
    "X": 326.0,
    "Y": 294.0,
    "Scale": 1.0,
    "HorizontalFacing": "Left",
    "VerticalFacing": "Up",
    "FadeSpeed": 5.585366,
    "RainbowOffset": 0.0
  },
  {
    "Type": "Notifications",
    "X": 161.0,
    "Y": 104.0,
    "Scale": 1.1999998,
    "HorizontalFacing": "Right",
    "VerticalFacing": "Down",
    "BackGroundAlpha": 251,
    "Font": {
      "fontName": "jello35",
      "fontSize": 35
    }
  },
  {
    "Type": "Armor",
    "X": -8.0,
    "Y": 57.0,
    "Scale": 1.0,
    "HorizontalFacing": "Middle",
    "VerticalFacing": "Down",
    "Alignment": "Horizontal"
  },
  {
    "Type": "Arraylist",
    "X": -170.21588134765625,
    "Y": 254.0447998046875,
    "Scale": 0.84999996,
    "HorizontalFacing": "Right",
    "VerticalFacing": "Middle",
    "BRainbowSpeed": 90,
    "BRainbow-Saturation": 1.0,
    "BRainbow-Brightness": 1.0,
    "BRainbow-R": 0,
    "BRainbow-B": 50,
    "BRainbow-G": 50,
    "Rainbow-X": -1000.0,
    "Rainbow-Y": -958.3334,
    "Text-Color": "OtherRainbow",
    "Text-R": 135,
    "Text-G": 255,
    "Text-B": 255,
    "TwoRainbow": 1.0,
    "Rect-Color": "Custom",
    "Rect-R": 132,
    "Rect-G": 255,
    "Rect-B": 255,
    "Rect-Alpha": 255,
    "Random-Saturation": 0.9,
    "Random-Brightness": 1.0,
    "Tags": true,
    "ShadowText": true,
    "Background-Color": "Custom",
    "Background-R": 0,
    "Background-G": 0,
    "Background-B": 0,
    "Background-Alpha": 0,
    "BackGroundWidth": 2,
    "Rect": "None",
    "UpperCase": false,
    "Space": 0.0,
    "TextHeight": 13.072917,
    "TextY": 1.0,
    "TagsArrayColor": false,
    "NameBreak": false,
    "Font": {
      "fontName": "Roboto-Italic ",
      "fontSize": 60
    }
  }
]
