[
  {
    "Type": "Effects",
    "X": 2.0,
    "Y": 10.0,
    "Scale": 1.0,
    "HorizontalFacing": "Right",
    "VerticalFacing": "Down",
    "Font": {
      "fontName": "Roboto Medium",
      "fontSize": 35
    },
    "Shadow": true
  },
  {
    "Type": "Notifications",
    "X": 0.0,
    "Y": 30.0,
    "Scale": 1.0,
    "HorizontalFacing": "Right",
    "VerticalFacing": "Down"
  },
  {
    "Type": "Arraylist",
    "X": 124.0,
    "Y": 0.0,
    "Scale": 1.1499999,
    "HorizontalFacing": "Right",
    "VerticalFacing": "Up",
    "BRainbowSpeed": 90,
    "BRainbow-Saturation": 0.35869566,
    "BRainbow-Brightness": 1.0,
    "BRainbow-R": 255,
    "BRainbow-B": 64,
    "BRainbow-G": 64,
    "Rainbow-X": -1000.0,
    "Rainbow-Y": -1000.0,
    "Text-Color": "LRainbow",
    "Text-R": 255,
    "Text-G": 255,
    "Text-B": 255,
    "TwoRainbow": 1.0,
    "Rect-Color": "OriginalRainbow",
    "Rect-R": 255,
    "Rect-G": 255,
    "Rect-B": 255,
    "Rect-Alpha": 255,
    "Random-Saturation": 0.9,
    "Random-Brightness": 1.0,
    "Tags": true,
    "ShadowText": true,
    "Background-Color": "Custom",
    "Background-R": 0,
    "Background-G": 0,
    "Background-B": 0,
    "Background-Alpha": 0,
    "BackGroundWidth": 2,
    "Rect": "None",
    "UpperCase": false,
    "Space": 0.0,
    "TextHeight": 11.0,
    "TextY": 1.0,
    "TagsArrayColor": false,
    "NameBreak": true,
    "Font": {
      "fontName": "Roboto Medium",
      "fontSize": 40
    }
  },
  {
    "Type": "Effects",
    "X": 2.0,
    "Y": 10.0,
    "Scale": 1.0,
    "HorizontalFacing": "Right",
    "VerticalFacing": "Down",
    "Font": {
      "fontName": "Roboto Medium",
      "fontSize": 35
    },
    "Shadow": true
  },
  {
    "Type": "Armor",
    "X": -8.0,
    "Y": 57.0,
    "Scale": 1.0,
    "HorizontalFacing": "Middle",
    "VerticalFacing": "Down",
    "Alignment": "Horizontal"
  },
  {
    "Type": "Scoreboard",
    "X": 4.0,
    "Y": -49.0,
    "Scale": 1.0,
    "HorizontalFacing": "Right",
    "VerticalFacing": "Middle",
    "Text-R": 255,
    "Text-G": 255,
    "Text-B": 255,
    "Background-R": 0,
    "Background-G": 0,
    "Background-B": 0,
    "Background-Alpha": 95,
    "Rect": false,
    "Rect-Color": "Custom",
    "Rect-R": 0,
    "Rect-G": 111,
    "Rect-B": 255,
    "Rect-Alpha": 255,
    "Shadow": false,
    "Font": {
      "fontName": "Roboto Medium",
      "fontSize": 35
    }
  },
  {
    "Type": "Target",
    "X": 364.0,
    "Y": 295.0,
    "Scale": 1.0,
    "HorizontalFacing": "Left",
    "VerticalFacing": "Up",
    "FadeSpeed": 2.0
  }
]
