{
  "modules": {
    "----Ran PUBG Config----": {
      "state": false,
      "keybind": 0,
      "array": true,
      "autodisable": "NONE",
      "trigger": "TOGGLE",
      "values": {}
    },
    "Aimbot": {
      "state": false,
      "keybind": 0,
      "array": true,
      "autodisable": "NONE",
      "trigger": "TOGGLE",
      "values": {
        "Range": 4.4,
        "TurnSpeed": 2.0,
        "FOV": 180.0,
        "Center": false,
        "Lock": true,
        "OnClick": false,
        "Jitter": false
      }
    },
    "AirLadder": {
      "state": false,
      "keybind": 0,
      "array": true,
      "autodisable": "NONE",
      "trigger": "TOGGLE",
      "values": {}
    },
    "Ambience": {
      "state": true,
      "keybind": 0,
      "array": false,
      "autodisable": "NONE",
      "trigger": "TOGGLE",
      "values": {
        "TimeMode": "None",
        "WeatherMode": "Sun",
        "CustomTime": 0,
        "ChangeWorldTimeSpeed": 150,
        "WeatherStrength": 0.48
      }
    },
    "Animations": {
      "state": false,
      "keybind": 0,
      "trigger": "TOGGLE",
      "values": {
        "BlockingMode": "Jello",
        "InvMode": "None",
        "InvEase": "NONE",
        "InvEaseOrder": "FAST_AT_START",
        "InvTime": 564,
        "TabShowPlayerSkin": false,
        "TabMode": "UpSlide",
        "TabEase": "SINE",
        "TabEaseOrder": "FAST_AT_START",
        "TabTime": 504,
        "TranslateX": 0.03,
        "TranslateY": 0.05,
        "TranslateZ": 0.0,
        "RotateX": 0.0,
        "RotateY": 0.0,
        "RotateZ": 0.0,
        "ItemPosX": 0.38,
        "ItemPosY": -0.35,
        "ItemPosZ": -0.52,
        "ItemScale": 0.27,
        "SwingAnim": false,
        "SwingSpeed": 2.0,
        "AnythingBlock": false,
        "NoBlockParticles": false
      }
    },
    "AntiAim": {
      "state": false,
      "keybind": 0,
      "array": true,
      "autodisable": "NONE",
      "trigger": "TOGGLE",
      "values": {
        "YawMove": "Spin",
        "PitchMode": "Down",
        "SilentRotate": true
      }
    },
    "AntiBlind": {
      "state": true,
      "keybind": 0,
      "array": true,
      "autodisable": "NONE",
      "trigger": "TOGGLE",
      "values": {
        "Confusion": true,
        "Pumpkin": true,
        "FireAlpha": 0.3,
        "Bright": "Gamma",
        "Boss-Health": true
      }
    },
    "AntiBot": {
      "state": true,
      "keybind": 0,
      "array": false,
      "autodisable": "NONE",
      "trigger": "TOGGLE",
      "values": {
        "Tab": false,
        "TabMode": "Contains",
        "EntityID": false,
        "Color": false,
        "LivingTime": true,
        "LivingTimeTicks": 1,
        "Ground": false,
        "Air": true,
        "InvalidGround": false,
        "Swing": false,
        "Health": false,
        "Derp": true,
        "WasInvisible": false,
        "ValidName": false,
        "Armor": false,
        "Ping": false,
        "NeedHit": false,
        "NoClip": false,
        "CzechMatrix": false,
        "PingCheck": true,
        "GamemodeCheck": true,
        "ReusedEntityId": false,
        "SpawnInCombat": false,
        "DuplicateInWorld": false,
        "DuplicateInTab": false,
        "DuplicateCompareMode": "OnTime",
        "FastDamage": false,
        "FastDamageTicks": 5,
        "RemoveFromWorld": false,
        "Remove-Interval": 20,
        "Debug": false,
        "AlwaysInRadius": false,
        "AlwaysInRadiusBlocks": 20.0,
        "AlwaysInRadiusRemove": false,
        "AlwaysInRadiusWithTicksCheck": false
      }
    },
    "AntiDesync": {
      "state": false,
      "keybind": 0,
      "array": true,
      "autodisable": "NONE",
      "trigger": "TOGGLE",
      "values": {}
    },
    "AntiExploit": {
      "state": false,
      "keybind": 0,
      "array": false,
      "autodisable": "NONE",
      "trigger": "TOGGLE",
      "values": {
        "Notify": false,
        "LessGuardian": true,
        "MaxArrowPerSecond": 100
      }
    },
    "AntiFireBall": {
      "state": true,
      "keybind": 0,
      "array": false,
      "autodisable": "NONE",
      "trigger": "TOGGLE",
      "values": {
        "Swing": "Normal",
        "Rotation": true
      }
    },
    "AntiStaff": {
      "state": false,
      "keybind": 0,
      "array": true,
      "autodisable": "NONE",
      "trigger": "TOGGLE",
      "values": {
        "Server": "BlocksMC",
        "Notification": true,
        "SendChatMessage": false,
        "Message": "%staff% was detected as a staff member!",
        "Leave": true,
        "LeaveCommand": "/hub"
      }
    },
    "AntiStuck": {
      "state": false,
      "keybind": 0,
      "array": true,
      "autodisable": "NONE",
      "trigger": "TOGGLE",
      "values": {
        "Flags": 5
      }
    },
    "AntiVanish": {
      "state": false,
      "keybind": 0,
      "array": true,
      "autodisable": "NONE",
      "trigger": "TOGGLE",
      "values": {}
    },
    "AntiVoid": {
      "state": false,
      "keybind": 0,
      "array": true,
      "autodisable": "NONE",
      "trigger": "TOGGLE",
      "values": {
        "Mode": "TPBack",
        "MaxFallDistance": 20.0,
        "ResetMotion": true,
        "BlinkStartFallDistance": 5.0,
        "BlinkAutoScaffold": true,
        "MotionFlag-MotionY": 1.0,
        "OnlyVoid": true
      }
    },
    "AuthBypass": {
      "state": false,
      "keybind": 0,
      "array": true,
      "autodisable": "NONE",
      "trigger": "TOGGLE",
      "values": {
        "Mode": "RedeSky",
        "Delay": 1500
      }
    },
    "AutoBow": {
      "state": false,
      "keybind": 0,
      "array": true,
      "autodisable": "NONE",
      "trigger": "TOGGLE",
      "values": {
        "WaitForBowAimbot": true
      }
    },
    "AutoClicker": {
      "state": false,
      "keybind": 0,
      "array": true,
      "autodisable": "NONE",
      "trigger": "TOGGLE",
      "values": {
        "MaxCPS": 8,
        "MinCPS": 5,
        "Right": true,
        "RightBlockOnly": false,
        "Left": true,
        "LeftSwordOnly": false,
        "Jitter": false
      }
    },
    "AutoIgnore": {
      "state": false,
      "keybind": 0,
      "array": true,
      "autodisable": "NONE",
      "trigger": "TOGGLE",
      "values": {
        "MinDelay": 3000,
        "IgnoreVL": 3
      }
    },
    "AutoLogin": {
      "state": false,
      "keybind": 0,
      "array": true,
      "autodisable": "NONE",
      "trigger": "TOGGLE",
      "values": {
        "Register": "/register %p %p",
        "Login": "/login %p",
        "Password": "password",
        "Delay": 1500,
        "Title": true,
        "Chat": true
      }
    },
    "AutoPlay": {
      "state": false,
      "keybind": 0,
      "array": true,
      "autodisable": "NONE",
      "trigger": "TOGGLE",
      "values": {
        "Server": "RedeSky",
        "Mode": "4v4v4v4",
        "AutoStartAtLobby": true,
        "ReplayWhenKicked": true,
        "ShowGuiWhenFailed": true,
        "JoinDelay": 3
      }
    },
    "AutoPot": {
      "state": false,
      "keybind": 0,
      "array": true,
      "autodisable": "NONE",
      "trigger": "TOGGLE",
      "values": {
        "ThrowMode": "Up",
        "Health": 15.0,
        "Delay": 500,
        "ThrowTick": 3,
        "SelectSlot": -1,
        "ThrowAngle": -45,
        "OpenInv": false,
        "SimulateInventory": true,
        "Regen": true,
        "Utility": true,
        "NotCombat": true
      }
    },
    "AutoReport": {
      "state": true,
      "keybind": 0,
      "array": true,
      "autodisable": "NONE",
      "trigger": "TOGGLE",
      "values": {
        "Mode": "Hit",
        "Command": "/reportar %name%",
        "Tip": true,
        "AllDelay": 500,
        "BlockBooks": false
      }
    },
    "AutoSoup": {
      "state": false,
      "keybind": 0,
      "array": true,
      "autodisable": "NONE",
      "trigger": "TOGGLE",
      "values": {
        "Health": 15.0,
        "Delay": 150,
        "OpenInv": false,
        "SimulateInventory": true,
        "Bowl": "Drop"
      }
    },
    "AutoTool": {
      "state": false,
      "keybind": 0,
      "array": true,
      "autodisable": "NONE",
      "trigger": "TOGGLE",
      "values": {}
    },
    "AutoWeapon": {
      "state": false,
      "keybind": 0,
      "array": true,
      "autodisable": "NONE",
      "trigger": "TOGGLE",
      "values": {
        "OnlySword": false,
        "SpoofItem": false,
        "SpoofTicks": 20
      }
    },
    "BetterFont": {
      "state": true,
      "keybind": 0,
      "array": true,
      "autodisable": "NONE",
      "trigger": "TOGGLE",
      "values": {}
    },
    "Blink": {
      "state": false,
      "keybind": 0,
      "array": true,
      "autodisable": "NONE",
      "trigger": "TOGGLE",
      "values": {
        "Inbound": false,
        "Outbound": true,
        "Pulse": false,
        "PulseDelay": 1000
      }
    },
    "BlockESP": {
      "state": false,
      "keybind": 0,
      "array": true,
      "autodisable": "NONE",
      "trigger": "TOGGLE",
      "values": {
        "Mode": "Box",
        "Outline-Width": 3.0,
        "Block": 25,
        "Radius": 40,
        "R": 255,
        "G": 179,
        "B": 72,
        "Rainbow": false
      }
    },
    "BlockOverlay": {
      "state": false,
      "keybind": 0,
      "array": true,
      "autodisable": "NONE",
      "trigger": "TOGGLE",
      "values": {
        "Red": 68,
        "Green": 117,
        "Blue": 255,
        "Alpha": 100,
        "Rainbow": false,
        "LineWidth": 2.0,
        "Info": false
      }
    },
    "BoatJump": {
      "state": false,
      "keybind": 0,
      "array": true,
      "autodisable": "NONE",
      "trigger": "TOGGLE",
      "values": {
        "Mode": "Launch",
        "HBoost": 2.0,
        "VBoost": 2.0,
        "MatrixTimerStart": 0.3,
        "MatrixTimerAir": 0.5,
        "LaunchRadius": 4.0,
        "Delay": 200,
        "AutoHit": false
      }
    },
    "BowAimbot": {
      "state": true,
      "keybind": 0,
      "array": false,
      "autodisable": "NONE",
      "trigger": "TOGGLE",
      "values": {
        "Silent": true,
        "Predict": true,
        "ThroughWalls": false,
        "PredictSize": 2.0,
        "Priority": "Direction",
        "Mark": true
      }
    },
    "BowJump": {
      "state": false,
      "keybind": 0,
      "array": true,
      "autodisable": "NONE",
      "trigger": "TOGGLE",
      "values": {
        "Boost": 4.25,
        "Height": 0.42,
        "Timer": 1.0,
        "DelayBeforeArrowLaunch": 1,
        "AutoDisable": true,
        "RenderStatus": true
      }
    },
    "Breadcrumbs": {
      "state": false,
      "keybind": 0,
      "array": true,
      "autodisable": "NONE",
      "trigger": "TOGGLE",
      "values": {
        "Type": "Line",
        "R": 255,
        "G": 255,
        "B": 255,
        "Alpha": 255,
        "Rainbow": false,
        "Fade": true,
        "DrawThePlayer": true,
        "DrawTargets": true,
        "FadeTime": 5,
        "Precision": 1,
        "LineWidth": 1,
        "SphereScale": 1.0
      }
    },
    "CameraClip": {
      "state": false,
      "keybind": 0,
      "array": true,
      "autodisable": "NONE",
      "trigger": "TOGGLE",
      "values": {}
    },
    "CapeManager": {
      "state": false,
      "keybind": 0,
      "trigger": "TOGGLE",
      "values": {}
    },
    "Chams": {
      "state": false,
      "keybind": 0,
      "array": true,
      "autodisable": "NONE",
      "trigger": "TOGGLE",
      "values": {
        "Targets": true,
        "Chests": true,
        "Items": true,
        "Legacy-Mode": false,
        "Textured": true,
        "Color": "Custom",
        "Behind-Color": "Same",
        "Rainbow": true,
        "Red": 255,
        "Green": 255,
        "Blue": 255,
        "Alpha": 6,
        "Saturation": 1.0,
        "Brightness": 1.0
      }
    },
    "ChatBypass": {
      "state": false,
      "keybind": 0,
      "array": true,
      "autodisable": "NONE",
      "trigger": "TOGGLE",
      "values": {
        "Mode": "Null",
        "Chance": 0.38,
        "Pinyin-Fill": " ",
        "MinUnicode": 1000,
        "MaxUnicode": 20000
      }
    },
    "ChatTranslator": {
      "state": false,
      "keybind": 0,
      "array": true,
      "autodisable": "NONE",
      "trigger": "TOGGLE",
      "values": {
        "Language": "Chinese",
        "API": "Bing"
      }
    },
    "ChestAura": {
      "state": false,
      "keybind": 0,
      "array": true,
      "autodisable": "NONE",
      "trigger": "TOGGLE",
      "values": {
        "Range": 3.0,
        "Delay": 54,
        "ThroughWalls": false,
        "Swing": "Normal",
        "Rotations": true,
        "DiscoverDelay": true,
        "DiscoverDelayValue": 50,
        "OnlyOnGround": true,
        "NotOpened": false,
        "NoCombating": true
      }
    },
    "ChestStealer": {
      "state": false,
      "keybind": 21,
      "array": true,
      "autodisable": "NONE",
      "trigger": "TOGGLE",
      "values": {
        "MaxDelay": 47,
        "MinDelay": 26,
        "ChestOpenDelay": 65,
        "TakeRandomized": false,
        "OnlyItems": false,
        "NoCompass": false,
        "AutoClose": true,
        "Silent": true,
        "Silent-ShowString": false,
        "Silent-StillDisplay": false,
        "SilentTitle": true,
        "AutoCloseMaxDelay": 79,
        "AutoCloseMinDelay": 26,
        "CloseOnFull": true,
        "ChestTitle": false
      }
    },
    "ChinaHat": {
      "state": false,
      "keybind": 0,
      "array": true,
      "autodisable": "NONE",
      "trigger": "TOGGLE",
      "values": {
        "Height": 0.4,
        "Radius": 0.5,
        "YPos": 0.3,
        "RotateSpeed": 2.0,
        "DrawThePlayer": true,
        "OnlyThirdPerson": true,
        "DrawTargets": true,
        "R": 255,
        "G": 255,
        "B": 255,
        "Alpha": 162,
        "Rainbow": true
      }
    },
    "ClickGUI": {
      "state": false,
      "keybind": 54,
      "trigger": "TOGGLE",
      "values": {
        "Style": "Astolfo",
        "Scale": 0.7,
        "MaxElements": 16,
        "Background": "None",
        "Animation": "Ziul",
        "Rainbow": true,
        "R": 0,
        "G": 160,
        "B": 255
      }
    },
    "ComboOneHit": {
      "state": false,
      "keybind": 0,
      "array": true,
      "autodisable": "NONE",
      "trigger": "TOGGLE",
      "values": {
        "Packets": 200,
        "SwingPacket": false,
        "OnlyAura": false,
        "GameBreaking": false
      }
    },
    "Criticals": {
      "state": false,
      "keybind": 44,
      "array": true,
      "autodisable": "NONE",
      "trigger": "TOGGLE",
      "values": {
        "Mode": "Packet",
        "Delay": 0,
        "FlagPause": true,
        "FlagPause-Time": 100,
        "HurtTime": 10,
        "UseC06Packet": true,
        "DebugMessage": true,
        "HoverMode": "AAC4",
        "Hover-NoFall": true,
        "Hover-OnlyCombat": true,
        "MotionMode": "Hop",
        "NoGround-SmartNoGround": true
      }
    },
    "Crosshair": {
      "state": false,
      "keybind": 0,
      "array": true,
      "autodisable": "NONE",
      "trigger": "TOGGLE",
      "values": {
        "Color": "Custom",
        "Red": 255,
        "Green": 255,
        "Blue": 255,
        "Alpha": 255,
        "Saturation": 1.0,
        "Brightness": 1.0,
        "Width": 0.5,
        "Length": 7.0,
        "Gap": 5.0,
        "Dynamic": true,
        "HitMarker": true
      }
    },
    "Damage": {
      "state": false,
      "keybind": 0,
      "trigger": "TOGGLE",
      "values": {
        "Mode": "AAC",
        "VerusMode": "Damage1",
        "CustomDamage-Packet1Clip": 4.0,
        "CustomDamage-Packet2Clip": -0.2,
        "CustomDamage-Packet3Clip": 0.5,
        "Damage": 1,
        "OnlyGround": true
      }
    },
    "DamageParticle": {
      "state": true,
      "keybind": 0,
      "array": true,
      "autodisable": "NONE",
      "trigger": "TOGGLE",
      "values": {
        "AliveTicks": 20,
        "Size": 3,
        "Red": 255,
        "Green": 0,
        "Blue": 0,
        "Alpha": 93,
        "Rainbow": false
      }
    },
    "Disabler": {
      "state": false,
      "keybind": 0,
      "array": true,
      "autodisable": "NONE",
      "trigger": "TOGGLE",
      "values": {
        "Mode": "VulcanCombat",
        "Debug": false,
        "FakeLag-Position": true,
        "FakeLag-Block": true,
        "FakeLag-Attack": true,
        "FakeLag-C03Spoof": false,
        "FakeLag-LagDelay": 0,
        "FakeLag-LagDuration": 200,
        "Hypixel-WatchDog_Disabler": false,
        "VerusSlientFlagApply": false,
        "VerusBufferSize": 300,
        "Verus-RepeatTimes": 1,
        "Verus-RepeatTimesFighting": 1,
        "Verus-FlagDelay": 40,
        "OldMatrix-OldMatrixWithAAC5": false,
        "OldVerusMove-SlientFlagApply": false,
        "OldVerusMove-RepeatTimes": 1,
        "OldVerusMove-RepeatTimesFighting": 1
      }
    },
    "DiscordRPC": {
      "state": false,
      "keybind": 0,
      "array": true,
      "autodisable": "NONE",
      "trigger": "TOGGLE",
      "values": {
        "ShowServer": false
      }
    },
    "ESP": {
      "state": true,
      "keybind": 0,
      "array": true,
      "autodisable": "NONE",
      "trigger": "TOGGLE",
      "values": {
        "Mode": "CSGO",
        "Outline-Width": 3.0,
        "WireFrame-Width": 2.0,
        "ShaderOutline-Radius": 1.35,
        "ShaderGlow-Radius": 2.3,
        "CSGO-DirectLine": false,
        "CSGO-ShowHealth": true,
        "CSGO-ShowHeldItem": false,
        "CSGO-ShowName": false,
        "CSGOOld-Width": 2.0,
        "ColorMode": "Armor",
        "R": 255,
        "G": 255,
        "B": 255,
        "Rainbow": false
      }
    },
    "ESP2D": {
      "state": false,
      "keybind": 0,
      "array": true,
      "autodisable": "NONE",
      "trigger": "TOGGLE",
      "values": {
        "Outline": true,
        "Mode": "Box",
        "Health-bar": true,
        "HBar-Mode": "Dot",
        "Render-Absorption": true,
        "Armor-bar": true,
        "ABar-Mode": "Total",
        "HealthNumber": true,
        "HP-Mode": "Health",
        "ItemArmorNumber": true,
        "ArmorItems": true,
        "ArmorDurability": true,
        "Details-HoverOnly": false,
        "Tags": true,
        "Tags-Background": true,
        "Item-Tags": true,
        "Use-Clear-Name": false,
        "Local-Player": true,
        "Dropped-Items": false,
        "Color": "Custom",
        "Red": 255,
        "Green": 255,
        "Blue": 255,
        "Saturation": 1.0,
        "Brightness": 1.0,
        "Font-Scale": 0.5,
        "Team": false
      }
    },
    "Eagle": {
      "state": false,
      "keybind": 0,
      "array": true,
      "autodisable": "NONE",
      "trigger": "TOGGLE",
      "values": {}
    },
    "FDPScriptManager": {
      "state": false,
      "keybind": 0,
      "array": true,
      "autodisable": "NONE",
      "trigger": "TOGGLE",
      "values": {}
    },
    "FastBow": {
      "state": true,
      "keybind": 0,
      "array": true,
      "autodisable": "NONE",
      "trigger": "TOGGLE",
      "values": {
        "Packets": 20,
        "Delay": 0
      }
    },
    "FastBreak": {
      "state": true,
      "keybind": 0,
      "array": true,
      "autodisable": "NONE",
      "trigger": "TOGGLE",
      "values": {
        "BreakDamage": 0.8
      }
    },
    "FastPlace": {
      "state": true,
      "keybind": 0,
      "array": true,
      "autodisable": "NONE",
      "trigger": "TOGGLE",
      "values": {
        "Speed": 0
      }
    },
    "FastUse": {
      "state": false,
      "keybind": 0,
      "array": true,
      "autodisable": "NONE",
      "trigger": "TOGGLE",
      "values": {
        "Mode": "CustomDelay",
        "Timer": 1.22,
        "InstantDelay": 14,
        "CustomDelay": 0
      }
    },
    "Fisher": {
      "state": false,
      "keybind": 0,
      "array": true,
      "autodisable": "NONE",
      "trigger": "TOGGLE",
      "values": {
        "Detection": "Sound",
        "Recast": true,
        "RecastDelay": 500
      }
    },
    "Fly": {
      "state": false,
      "keybind": 33,
      "array": true,
      "autodisable": "FLAG",
      "trigger": "TOGGLE",
      "values": {
        "Mode": "Vanilla",
        "MotionReset": false,
        "Mark": "Off",
        "FakeDamage": false,
        "ViewBobbing": false,
        "ViewBobbingYaw": 0.1,
        "AAC1.9.10-Speed": 0.3,
        "AAC3.0.5-Fast": true,
        "AAC3.3.12-Motion": 10.0,
        "AAC5.2.0-Vanilla-Speed": 2.0,
        "AAC5.2.0-Vanilla-Smooth": false,
        "AAC5.2.0-Vanilla-Purse": 7,
        "AAC5.2.0-Vanilla-PacketMode": "Old",
        "AAC5.2.0-Vanilla-UseC04": false,
        "BugSpartan-Speed": 2.0,
        "Clip-X": 2.0,
        "Clip-Y": 2.0,
        "Clip-Z": 2.0,
        "Clip-Delay": 500,
        "Clip-MotionX": 0.0,
        "Clip-MotionY": 0.0,
        "Clip-MotionZ": 0.0,
        "Clip-SpoofGround": false,
        "Clip-GroundWhenClip": true,
        "Clip-Timer": 0.7,
        "FunCraft-Timer": 1.0,
        "Hypixel-Boost": true,
        "Hypixel-BoostDelay": 1200,
        "Hypixel-BoostTimer": 1.0,
        "Matrix1.17--SpoofGround": true,
        "MatrixClip-BypassMode": "Clip2",
        "MatrixClip-Custom-ClipDelay": 736,
        "MatrixClip-Custom-BlinkDelay": 909,
        "MatrixClip-YClip": 10.0,
        "MatrixDamage-Mode": "Stable",
        "MatrixDamage-DamageWarn": true,
        "MatrixDamage-Timer": 1.0,
        "MatrixDamage-Custom-BoostSpeed": 0.5,
        "MatrixDamage-Custom-BoostTicks": 27,
        "MatrixDamage-Custom-Randomize": true,
        "MatrixDamage-Custom-RandomAmount": 1,
        "MatrixDamage-Custom-Strafe": true,
        "MatrixDamage-MotionReduceOnEnd": true,
        "MineSecure-Speed": 2.0,
        "Mineplex-Speed": 1.0,
        "NCP-Motion": 0.0,
        "SmoothVanilla-Speed": 2.0,
        "SmoothVanilla-KickBypass": false,
        "Vanilla-Speed": 2.0,
        "Vanilla-Vertical": 2.0,
        "Vanilla-KickBypass": false,
        "Vanilla-KeepAlive": false,
        "Vanilla-NoClip": false,
        "Vanilla-SpoofGround": false,
        "Verus-Speed": 1.5,
        "Verus2-Speed": 1.5,
        "Verus2-SetYMotion0": true,
        "Verus2-useBlocksBBfly": true,
        "Verus2-groundSpoof": true,
        "Verus3-AirStrafe": true,
        "Verus4-Speed": 2.0,
        "Verus6-AirSpeed": 0.5,
        "Verus6-GroundSpeed": 0.42,
        "Verus6-HopDelay": 3,
        "CanClip": true,
        "Vulcan2-Speed": 1.0,
        "VulcanLegit-Timer": 2.0
      }
    },
    "FlyKing": {
      "state": false,
      "keybind": 0,
      "array": true,
      "autodisable": "NONE",
      "trigger": "TOGGLE",
      "values": {
        "Tick": 4,
        "Fly": true,
        "SuoXue": true,
        "TargetStrafe": false,
        "AutoJump": false,
        "DebugTick": 20,
        "AttackFly[HugeAmountBug]": true
      }
    },
    "FollowTargetHud": {
      "state": true,
      "keybind": 0,
      "array": true,
      "autodisable": "NONE",
      "trigger": "TOGGLE",
      "values": {
        "Mode": "Arris",
        "Font": {
          "fontName": "MiSans Regular",
          "fontSize": 40
        },
        "SmoothHudMove": true,
        "SmoothHudMoveValue": 3,
        "JelloHPColor": true,
        "JelloAlpha": 0,
        "Scale": 1.55,
        "TanslateY": 0.55,
        "TranslateX": 0.38
      }
    },
    "FreeCam": {
      "state": false,
      "keybind": 0,
      "array": true,
      "autodisable": "RESPAWN",
      "trigger": "TOGGLE",
      "values": {
        "Speed": 0.8,
        "Fly": true,
        "NoClip": true,
        "RecordMotion": true,
        "C03Spoof": false
      }
    },
    "Freeze": {
      "state": false,
      "keybind": 0,
      "array": true,
      "autodisable": "RESPAWN",
      "trigger": "TOGGLE",
      "values": {}
    },
    "Fucker": {
      "state": false,
      "keybind": 0,
      "array": true,
      "autodisable": "NONE",
      "trigger": "TOGGLE",
      "values": {
        "Block": 26,
        "Swing": "Normal",
        "ThroughWalls": "None",
        "Render-Mode": "Box",
        "Range": 3.3,
        "Action": "Destroy",
        "IgnoreFirstDetection": false,
        "Instant": true,
        "SwitchDelay": 617,
        "Rotations": true,
        "Surroundings": false,
        "NoHit": false,
        "Cooldown-Seconds": 15,
        "ResetCoolDownWhenToggled": false,
        "ResetOnWorldChange": false
      }
    },
    "Gapple": {
      "state": false,
      "keybind": 0,
      "array": true,
      "autodisable": "NONE",
      "trigger": "TOGGLE",
      "values": {
        "Mode": "LegitAuto",
        "Health": 10.0,
        "Delay": 150,
        "NoAbsorption": true
      }
    },
    "GhostHand": {
      "state": false,
      "keybind": 0,
      "array": true,
      "autodisable": "NONE",
      "trigger": "TOGGLE",
      "values": {
        "Block": 54,
        "Radius": 4
      }
    },
    "Glide": {
      "state": false,
      "keybind": 0,
      "array": true,
      "autodisable": "FLAG",
      "trigger": "TOGGLE",
      "values": {
        "Mode": "Vulcan2.6.3",
        "MotionReset": false,
        "FakeDamage": false,
        "ViewBobbing": false,
        "ViewBobbingYaw": 0.1,
        "Minemora-Mode": "Glide1",
        "Minemora-Glide2-Tick": 4,
        "Minemora-Glide3-Tick": 4,
        "Minemora-Glide3-BoostSpeed": 0.1,
        "NeruxVace-Ticks": 6
      }
    },
    "Glint": {
      "state": false,
      "keybind": 0,
      "array": true,
      "autodisable": "NONE",
      "trigger": "TOGGLE",
      "values": {
        "Mode": "Rainbow",
        "Red": 255,
        "Green": 0,
        "Blue": 0
      }
    },
    "GlowESP": {
      "state": false,
      "keybind": 0,
      "array": true,
      "autodisable": "NONE",
      "trigger": "TOGGLE",
      "values": {
        "Radius": 2.0,
        "Exposure": 2.2,
        "Seperate Texture": false,
        "Players": false,
        "Animals": false,
        "Mobs": false
      }
    },
    "HPChecker": {
      "state": true,
      "keybind": 0,
      "array": true,
      "autodisable": "NONE",
      "trigger": "TOGGLE",
      "values": {}
    },
    "HUD": {
      "state": true,
      "keybind": 0,
      "array": false,
      "autodisable": "NONE",
      "trigger": "TOGGLE",
      "values": {
        "ShadowMode": "LiquidBounce",
        "ColorMode": "Light Rainbow",
        "hueInterpolation": false,
        "MovingColors": false,
        "BetterHotbar": true,
        "HotbarAlpha": 127,
        "HotbarEase": false,
        "HotbarAnimSpeed": 5,
        "HotbarAnimType": "SINE",
        "HotbarAnimOrder": "FAST_AT_START",
        "InventoryParticle": false,
        "Blur": false,
        "FontChat": false,
        "ChatRect": false,
        "ChatCombine": false,
        "ChatAnimation": false,
        "RainbowStart": 0.25,
        "RainbowStop": 0.58,
        "RainbowSaturation": 0.75,
        "RainbowBrightness": 1.0,
        "RainbowSpeed": 1500,
        "ArraylistXAxisAnimSpeed": 10,
        "ArraylistXAxisAnimType": "SINE",
        "ArraylistXAxisHotbarAnimOrder": "FAST_AT_START",
        "ArraylistYAxisAnimSpeed": 10,
        "ArraylistYAxisAnimType": "SINE",
        "ArraylistYAxisHotbarAnimOrder": "FAST_AT_START",
        "FontVectorEpsilon": 0.5,
        "Button": "FLine"
      }
    },
    "HackerDetector": {
      "state": true,
      "keybind": 0,
      "array": true,
      "autodisable": "NONE",
      "trigger": "TOGGLE",
      "values": {
        "Combat": true,
        "Movement": false,
        "Debug": true,
        "Notify": false,
        "AutoReport": false,
        "VL": 300
      }
    },
    "HealthWarn": {
      "state": true,
      "keybind": 0,
      "array": false,
      "autodisable": "NONE",
      "trigger": "TOGGLE",
      "values": {
        "Health": 7
      }
    },
    "HighJump": {
      "state": false,
      "keybind": 0,
      "array": true,
      "autodisable": "NONE",
      "trigger": "TOGGLE",
      "values": {
        "Height": 3.5,
        "Mode": "AACv3",
        "OnlyGlassPane": false,
        "StableMotion": 0.42
      }
    },
    "HitBox": {
      "state": false,
      "keybind": 0,
      "array": true,
      "autodisable": "NONE",
      "trigger": "TOGGLE",
      "values": {
        "Size": 0.06
      }
    },
    "HitEffect": {
      "state": true,
      "keybind": 0,
      "array": true,
      "autodisable": "NONE",
      "trigger": "TOGGLE",
      "values": {
        "Timing": "Attack",
        "Mode": "Critical",
        "Times": 1,
        "LightingSound": true
      }
    },
    "HudDesigner": {
      "state": false,
      "keybind": 0,
      "trigger": "TOGGLE",
      "values": {}
    },
    "HurtCam": {
      "state": false,
      "keybind": 0,
      "trigger": "TOGGLE",
      "values": {
        "Mode": "Cancel",
        "R": 255,
        "G": 0,
        "B": 0,
        "Rainbow": false,
        "FPSTime": 1000,
        "FPSHeight": 25
      }
    },
    "InfiniteAura": {
      "state": false,
      "keybind": 34,
      "array": true,
      "autodisable": "NONE",
      "trigger": "TOGGLE",
      "values": {
        "Mode": "Aura",
        "Targets": 1,
        "CPS": 8,
        "Distance": 50,
        "MoveDistance": 5.0,
        "NoRegen": false,
        "NoLagback": true,
        "Swing": true,
        "PathRender": true,
        "ColorRed": 0,
        "ColorGreen": 160,
        "ColorBlue": 255,
        "ColorAlpha": 255,
        "Rainbow": false
      }
    },
    "InventoryCleaner": {
      "state": false,
      "keybind": 21,
      "array": true,
      "autodisable": "NONE",
      "trigger": "TOGGLE",
      "values": {
        "MaxDelay": 85,
        "MinDelay": 38,
        "InvOpen": false,
        "SimulateInventory": true,
        "SimulateInventoryDelay": 66,
        "NoMove": true,
        "Hotbar": true,
        "RandomSlot": false,
        "Sort": true,
        "ThrowGarbage": true,
        "Armor": true,
        "NoCombat": true,
        "ItemDelay": 47,
        "NBTGoal": "NONE",
        "NBTItemNotGarbage": true,
        "NBTArmorPriority": 0.0,
        "NBTWeaponPriority": 0.0,
        "IgnoreVehicles": false,
        "OnlyPositivePotion": true,
        "SortSlot-1": "Sword",
        "SortSlot-2": "Gapple",
        "SortSlot-3": "Bow",
        "SortSlot-4": "Pickaxe",
        "SortSlot-5": "Block",
        "SortSlot-6": "Block",
        "SortSlot-7": "Block",
        "SortSlot-8": "Pearl",
        "SortSlot-9": "Ignore"
      }
    },
    "InventoryMove": {
      "state": true,
      "keybind": 0,
      "array": false,
      "autodisable": "NONE",
      "trigger": "TOGGLE",
      "values": {
        "NoDetectable": false,
        "Bypass": "None",
        "Rotate": false,
        "NoMoveClicks": false,
        "NoSprint": "None"
      }
    },
    "ItemESP": {
      "state": false,
      "keybind": 0,
      "array": true,
      "autodisable": "NONE",
      "trigger": "TOGGLE",
      "values": {
        "Mode": "Box",
        "Outline-Width": 3.0,
        "R": 0,
        "G": 255,
        "B": 0,
        "Rainbow": true
      }
    },
    "ItemMagnet": {
      "state": false,
      "keybind": 0,
      "array": true,
      "autodisable": "NONE",
      "trigger": "TOGGLE",
      "values": {
        "Mode": "New",
        "ResetAfterTP": true,
        "Button": "Middle"
      }
    },
    "ItemPhysics": {
      "state": true,
      "keybind": 0,
      "array": true,
      "autodisable": "NONE",
      "trigger": "TOGGLE",
      "values": {
        "Weight": 0.5
      }
    },
    "Jesus": {
      "state": false,
      "keybind": 0,
      "array": true,
      "autodisable": "NONE",
      "trigger": "TOGGLE",
      "values": {
        "Mode": "AAC3.3.11",
        "NoJump": true,
        "JumpMotion": 0.5
      }
    },
    "KeyBindManager": {
      "state": false,
      "keybind": 0,
      "trigger": "TOGGLE",
      "values": {}
    },
    "KeyPearl": {
      "state": false,
      "keybind": 0,
      "trigger": "TOGGLE",
      "values": {}
    },
    "Kick": {
      "state": false,
      "keybind": 0,
      "trigger": "TOGGLE",
      "values": {
        "Mode": "Quit"
      }
    },
    "KillAura": {
      "state": false,
      "keybind": 19,
      "array": true,
      "autodisable": "NONE",
      "trigger": "TOGGLE",
      "values": {
        "MaxCPS": 12,
        "MinCPS": 7,
        "HurtTime": 10,
        "1.9CombatDelay": false,
        "Range": 3.6,
        "ThroughWallsRange": 0.0,
        "RangeSprintReducement": 0.0,
        "SwingRange": 3.6,
        "DiscoverRange": 3.65,
        "BlinkCheck": true,
        "Priority": "Distance",
        "TargetMode": "Switch",
        "Swing": "Normal",
        "AttackTiming": "Both",
        "KeepSprint": true,
        "NoBadPackets": false,
        "AutoBlock": "Off",
        "BlockTiming": "Pre",
        "AutoBlockRange": 3.5,
        "AutoBlockPacket": "Vanilla",
        "InteractAutoBlock": false,
        "BlockRate": 100,
        "RayCast": true,
        "RayCastIgnored": false,
        "LivingRayCast": false,
        "AAC": true,
        "RotationMode": "SmoothLiquid",
        "MaxTurnSpeed": 180.0,
        "MinTurnSpeed": 180.0,
        "SmoothMode": "Custom",
        "CustomSmooth": 2.01,
        "RandomCenter": "Cubic",
        "RandomRange": 1.2,
        "SilentRotation": true,
        "Strafe": "Off",
        "StrafeOnlyGround": true,
        "RotationReverse": false,
        "RotationReverseTick": 5,
        "KeepDirection": true,
        "KeepDirectionTick": 9,
        "AlwaysHitable": true,
        "FOV": 180.0,
        "Predict": false,
        "MaxPredictSize": 1.0,
        "MinPredictSize": 1.0,
        "FailRate": 0.0,
        "FakeSwing": true,
        "NoInvAttack": "Spoof",
        "NoInvDelay": 200,
        "SwitchDelay": 306,
        "LimitedMultiTargets": 0,
        "NoScaffold": true,
        "Mark": "FDP",
        "Circle": false,
        "CircleRed": 255,
        "CircleGreen": 0,
        "CircleBlue": 0,
        "CircleAlpha": 255,
        "CircleThickness": 2.0
      }
    },
    "KillInsults": {
      "state": false,
      "keybind": 0,
      "array": true,
      "autodisable": "NONE",
      "trigger": "TOGGLE",
      "values": {
        "Mode": "RawWords",
        "WaterMark": true
      }
    },
    "KillSay": {
      "state": false,
      "keybind": 0,
      "array": true,
      "autodisable": "NONE",
      "trigger": "TOGGLE",
      "values": {
        "讯息": "@a你好~你被Fake干碎了!  +124914025获取同款Config:",
        "办法": "名字前讯息",
        "生物": false,
        "人们 ": true,
        "等待的时间 ": 10,
        "当他们死了并受到打击时就去做": true,
        "移动时不发送": true,
        "移动时要等待更长的时间": true,
        "/friend": true
      }
    },
    "LightningDetect": {
      "state": true,
      "keybind": 0,
      "array": false,
      "autodisable": "NONE",
      "trigger": "TOGGLE",
      "values": {
        "debug": false
      }
    },
    "LongJump": {
      "state": false,
      "keybind": 0,
      "array": true,
      "autodisable": "FLAG",
      "trigger": "TOGGLE",
      "values": {
        "Mode": "NCPDamage",
        "AutoJump": true,
        "AutoDisable": true,
        "JartexWater-Horizon": 1.0,
        "JartexWater-MotionY": 0.42,
        "MatrixHurt-BoostSpeed": 0.416,
        "MatrixHurt-Ticks": 10,
        "NCP-Boost": 4.25,
        "NCPDamage-Boost": 4.25,
        "NCPDamage-DamageInstant": false,
        "RedeSky-JumpMovement": 0.13,
        "RedeSky-MotionY": 0.81,
        "RedeSky-MovementReducer": true,
        "RedeSky-ReduceMovement": 0.08,
        "RedeSky-MotionYReducer": true,
        "RedeSky-ReduceYMotion": 0.15,
        "RedeSky-Timer": 0.3,
        "RedeSky2-AirSpeed": 0.1,
        "RedeSky2-MinAirSpeed": 0.08,
        "RedeSky2-ReduceAirSpeed": 0.16,
        "RedeSky2-AirSpeedReducer": true,
        "RedeSky2-YMotion": 0.08,
        "RedeSky2-MinYMotion": 0.04,
        "RedeSky2-ReduceYMotion": 0.15,
        "RedeSky2-YMotionReducer": true,
        "RedeSky3-JumpTime": 500,
        "RedeSky3-Boost": 1.0,
        "RedeSky3-Height": 1.0,
        "RedeSky3-Timer": 1.0
      }
    },
    "MidClick": {
      "state": false,
      "keybind": 0,
      "array": true,
      "autodisable": "NONE",
      "trigger": "TOGGLE",
      "values": {}
    },
    "Modules": {
      "state": false,
      "keybind": 0,
      "trigger": "TOGGLE",
      "values": {
        "ToggleIgnoreScreen": false,
        "ToggleSound": "Click"
      }
    },
    "MurderDetector": {
      "state": false,
      "keybind": 0,
      "array": true,
      "autodisable": "NONE",
      "trigger": "TOGGLE",
      "values": {}
    },
    "NameProtect": {
      "state": false,
      "keybind": 0,
      "array": true,
      "autodisable": "NONE",
      "trigger": "TOGGLE",
      "values": {
        "FakeName": "\u0026cProtected User",
        "AllPlayers": false,
        "AllPlayers-FakeName": "\u0026e\u0026lFDP_USER",
        "SkinProtect": true
      }
    },
    "NameTags": {
      "state": false,
      "keybind": 0,
      "array": true,
      "autodisable": "NONE",
      "trigger": "TOGGLE",
      "values": {
        "Mode": "Liquid",
        "Health": true,
        "Ping": true,
        "Bar": true,
        "Distance": true,
        "Armor": true,
        "Potions": true,
        "ClearNames": true,
        "Font": {
          "fontName": "MiSans Regular",
          "fontSize": 40
        },
        "Border": true,
        "Shadow": true,
        "Hacker": true,
        "JelloHPColor": true,
        "JelloAlpha": 170,
        "Scale": 2.0,
        "OnlyTarget": true,
        "TanslateY": 0.55,
        "Background-R": 0,
        "Background-G": 0,
        "Background-B": 0,
        "Background-Alpha": 0,
        "Border-R": 0,
        "Border-G": 0,
        "Border-B": 0,
        "Border-Alpha": 0
      }
    },
    "NoAchievements": {
      "state": false,
      "keybind": 0,
      "array": false,
      "autodisable": "NONE",
      "trigger": "TOGGLE",
      "values": {}
    },
    "NoBob": {
      "state": false,
      "keybind": 0,
      "array": true,
      "autodisable": "NONE",
      "trigger": "TOGGLE",
      "values": {}
    },
    "NoFOV": {
      "state": true,
      "keybind": 0,
      "array": true,
      "autodisable": "NONE",
      "trigger": "TOGGLE",
      "values": {
        "FOV": 1.5
      }
    },
    "NoFall": {
      "state": true,
      "keybind": 0,
      "array": true,
      "autodisable": "NONE",
      "trigger": "TOGGLE",
      "values": {
        "Mode": "SpoofGround",
        "PhaseOffset": 1,
        "MinMLGHeight": 5.0,
        "MotionSpeed": -0.01
      }
    },
    "NoJumpDelay": {
      "state": false,
      "keybind": 0,
      "array": true,
      "autodisable": "NONE",
      "trigger": "TOGGLE",
      "values": {}
    },
    "NoRender": {
      "state": false,
      "keybind": 0,
      "array": true,
      "autodisable": "NONE",
      "trigger": "TOGGLE",
      "values": {
        "Items": true,
        "Players": true,
        "Mobs": true,
        "Animals": true,
        "ArmorStand": true,
        "All": true,
        "AutoReset": true,
        "MaxRenderRange": 4.0
      }
    },
    "NoRotateSet": {
      "state": false,
      "keybind": 0,
      "array": true,
      "autodisable": "NONE",
      "trigger": "TOGGLE",
      "values": {
        "NoLoading": false,
        "Confirm": true,
        "OverwriteTeleport": false,
        "ConfirmIllegalRotation": true,
        "NoZero": false
      }
    },
    "NoSlow": {
      "state": true,
      "keybind": 0,
      "array": true,
      "autodisable": "NONE",
      "trigger": "TOGGLE",
      "values": {
        "PacketMode": "Vanilla",
        "BlockForwardMultiplier": 1.0,
        "BlockStrafeMultiplier": 1.0,
        "ConsumeForwardMultiplier": 1.0,
        "ConsumeStrafeMultiplier": 1.0,
        "BowForwardMultiplier": 1.0,
        "BowStrafeMultiplier": 1.0,
        "CustomOnGround": false,
        "CustomDelay": 60,
        "AAC4-C07": true,
        "AAC4-C08": true,
        "AAC4-OnGround": true,
        "Soulsand": false,
        "Teleport": false,
        "TeleportMode": "Vanilla",
        "TeleportNoApply": false,
        "Teleport-CustomSpeed": 0.13,
        "Teleport-CustomY": false,
        "Teleport-DecreasePercent": 0.13,
        "updateAlert1": false
      }
    },
    "NoSlowBreak": {
      "state": false,
      "keybind": 0,
      "array": true,
      "autodisable": "NONE",
      "trigger": "TOGGLE",
      "values": {
        "Air": true,
        "Water": false
      }
    },
    "NoWeb": {
      "state": false,
      "keybind": 0,
      "array": true,
      "autodisable": "NONE",
      "trigger": "TOGGLE",
      "values": {
        "Mode": "Test",
        "HorizonSpeed": 0.1
      }
    },
    "Nuker": {
      "state": false,
      "keybind": 0,
      "array": true,
      "autodisable": "NONE",
      "trigger": "TOGGLE",
      "values": {
        "Radius": 5.2,
        "ThroughWalls": false,
        "Priority": "Distance",
        "Rotations": true,
        "Layer": false,
        "HitDelay": 4,
        "Nuke": 1,
        "NukeDelay": 1
      }
    },
    "PackSpoofer": {
      "state": false,
      "keybind": 0,
      "array": true,
      "autodisable": "NONE",
      "trigger": "TOGGLE",
      "values": {}
    },
    "Parkour": {
      "state": false,
      "keybind": 0,
      "array": true,
      "autodisable": "NONE",
      "trigger": "TOGGLE",
      "values": {}
    },
    "Particles": {
      "state": false,
      "keybind": 0,
      "array": true,
      "autodisable": "NONE",
      "trigger": "TOGGLE",
      "values": {
        "Amount": 10,
        "Physics": true
      }
    },
    "Performance": {
      "state": false,
      "keybind": 0,
      "array": true,
      "autodisable": "NONE",
      "trigger": "TOGGLE",
      "values": {
        "StaticParticleColor": false,
        "FastEntityLightning": false,
        "FastBlockLightning": false
      }
    },
    "Phase": {
      "state": false,
      "keybind": 0,
      "array": true,
      "autodisable": "NONE",
      "trigger": "TOGGLE",
      "values": {
        "Mode": "Mineplex",
        "Debug": false,
        "Automatic-Offset": 4.0,
        "Automatic-PhaseDelay": 1000,
        "Automatic-FreezeMotion": true
      }
    },
    "PingSpoof": {
      "state": true,
      "keybind": 0,
      "array": true,
      "autodisable": "NONE",
      "trigger": "TOGGLE",
      "values": {
        "MaxDelay": 5000,
        "MinDelay": 5000,
        "C00": false,
        "C0F": false,
        "C0B": false,
        "C13": false,
        "C16": false,
        "PacketLoss": 0.0
      }
    },
    "Plugins": {
      "state": false,
      "keybind": 0,
      "array": true,
      "autodisable": "NONE",
      "trigger": "TOGGLE",
      "values": {}
    },
    "PointerESP": {
      "state": false,
      "keybind": 0,
      "array": true,
      "autodisable": "NONE",
      "trigger": "TOGGLE",
      "values": {
        "Dimension": "2d",
        "Mode": "Solid",
        "LineWidth": 4.0,
        "Red": 255,
        "Green": 255,
        "Blue": 255,
        "Rainbow": false,
        "DamageColor": true,
        "SmoothDamageColor": false,
        "DamageRed": 255,
        "DamageGreen": 0,
        "DamageBlue": 0,
        "DamageRainbow": false,
        "Alpha": 255,
        "DistanceAlpha": true,
        "Distance": 70,
        "AlphaMin": 100,
        "ArrowSize": 10,
        "AngleSize": 50,
        "Radius": 70
      }
    },
    "PrevFallPos": {
      "state": false,
      "keybind": 0,
      "array": false,
      "autodisable": "NONE",
      "trigger": "TOGGLE",
      "values": {
        "Mode": "Outline",
        "Outline-Width": 3.0,
        "FallDist": 1.15,
        "R": 255,
        "G": 255,
        "B": 255,
        "A": 130,
        "Rainbow": true
      }
    },
    "Projectiles": {
      "state": true,
      "keybind": 0,
      "array": true,
      "autodisable": "NONE",
      "trigger": "TOGGLE",
      "values": {
        "DynamicBowPower": true
      }
    },
    "Radar": {
      "state": false,
      "keybind": 0,
      "array": true,
      "autodisable": "NONE",
      "trigger": "TOGGLE",
      "values": {
        "scale": 2.0,
        "x": 10.0,
        "y": 10.0,
        "size": 10.0
      }
    },
    "Reach": {
      "state": false,
      "keybind": 0,
      "array": true,
      "autodisable": "NONE",
      "trigger": "TOGGLE",
      "values": {
        "CombatReach": 3.5,
        "BuildReach": 5.0
      }
    },
    "Regen": {
      "state": false,
      "keybind": 0,
      "array": true,
      "autodisable": "NONE",
      "trigger": "TOGGLE",
      "values": {
        "Mode": "Vanilla",
        "Health": 18,
        "Delay": 0,
        "Food": 18,
        "Speed": 100,
        "NoAir": false,
        "PotionEffect": false
      }
    },
    "Rotation": {
      "state": false,
      "keybind": 0,
      "array": true,
      "autodisable": "NONE",
      "trigger": "TOGGLE",
      "values": {}
    },
    "Rotations": {
      "state": false,
      "keybind": 0,
      "trigger": "TOGGLE",
      "values": {
        "Head": true,
        "Body": true,
        "SensitivityFixed": "New",
        "NaNCheck": true
      }
    },
    "SCriticals": {
      "state": false,
      "keybind": 0,
      "array": true,
      "autodisable": "NONE",
      "trigger": "TOGGLE",
      "values": {
        "CriticalsMode": "VulCanHop",
        "CustomMotionY": 0.0,
        "PacketMode": "C06"
      }
    },
    "SafeWalk": {
      "state": false,
      "keybind": 0,
      "array": true,
      "autodisable": "NONE",
      "trigger": "TOGGLE",
      "values": {
        "AirSafe": false,
        "OnlyPredictVoid": false
      }
    },
    "Scaffold": {
      "state": false,
      "keybind": 0,
      "array": true,
      "autodisable": "NONE",
      "trigger": "TOGGLE",
      "values": {
        "PlaceableDelay": "Normal",
        "MaxDelay": 90,
        "MinDelay": 90,
        "AutoBlock": "Switch",
        "Sprint": "OFF",
        "Swing": "Normal",
        "Search": false,
        "Down": false,
        "PlaceTiming": "Pre",
        "Eagle": "Silent",
        "BlocksToEagle": 1,
        "ExpandLength": 1,
        "Rotations": "AAC",
        "TowerRotations": "AAC",
        "AACYawOffset": 0,
        "CustomYaw": -145,
        "CustomPitch": 79,
        "CustomTowerYaw": -145,
        "CustomTowerPitch": 79,
        "SilentRotation": true,
        "MinRotationSpeed": 120,
        "MaxRotationSpeed": 137,
        "KeepRotationTick": 20,
        "ZitterMode": "OFF",
        "ZitterSpeed": 0.13,
        "ZitterStrength": 0.072,
        "Timer": 0.89,
        "MotionSpeedSet": false,
        "MotionSpeed": 0.1,
        "SpeedModifier": 0.31,
        "TowerMode": "Jump",
        "StopTowerWhenBlockAbove": false,
        "TowerFakeJump": false,
        "TowerActivation": "OFF",
        "TowerTimer": 1.0,
        "SameY": "Simple",
        "SafeWalk": "Ground",
        "HitableCheck": "OFF",
        "ExtraClick": "OFF",
        "ExtraClickMaxDelay": 100,
        "ExtraClickMinDelay": 50,
        "TowerJumpMotion": 0.42,
        "TowerJumpDelay": 0,
        "TowerStableMotion": 0.42,
        "TowerPlusMotion": 0.1,
        "TowerPlusMaxMotion": 0.8,
        "TowerConstantMotion": 0.42,
        "TowerConstantMotionJumpGround": 0.79,
        "TowerTeleportHeight": 1.15,
        "TowerTeleportDelay": 0,
        "TowerTeleportGround": true,
        "TowerTeleportNoMotion": false,
        "Counter": true,
        "Mark": false
      }
    },
    "ServerCrasher": {
      "state": false,
      "keybind": 38,
      "array": true,
      "autodisable": "NONE",
      "trigger": "TOGGLE",
      "values": {
        "Mode": "AACv5",
        "PacketAmount": 500,
        "BookType": "Plain",
        "BookMode": "Payload",
        "BookOnlyOnce": false,
        "Log4JMode": "Chat",
        "SlientInventory": false
      }
    },
    "ServerSwitcher": {
      "state": false,
      "keybind": 0,
      "trigger": "TOGGLE",
      "values": {}
    },
    "SilentDisconnect": {
      "state": false,
      "keybind": 0,
      "array": true,
      "autodisable": "NONE",
      "trigger": "TOGGLE",
      "values": {}
    },
    "Spammer": {
      "state": false,
      "keybind": 0,
      "array": true,
      "autodisable": "NONE",
      "trigger": "TOGGLE",
      "values": {
        "MaxDelay": 5000,
        "MinDelay": 2500,
        "Mode": "Single",
        "EndingRandomChars": 5,
        "Message": "@aFake on Top)",
        "InsultMessage": "[%s] %w [%s]"
      }
    },
    "Speed": {
      "state": false,
      "keybind": 0,
      "array": true,
      "autodisable": "FLAG",
      "trigger": "TOGGLE",
      "values": {
        "Mode": "VulcanHop",
        "NoWater": true,
        "AACGround-Timer": 3.0,
        "AACGround2-Timer": 3.0,
        "AACPort-Length": 4.45,
        "CustomSpeed": 1.6,
        "CustomLaunchSpeed": 1.6,
        "CustomAddYMotion": 0.0,
        "CustomY": 0.0,
        "CustomUpTimer": 1.0,
        "CustomDownTimer": 1.0,
        "CustomStrafe": "Boost",
        "CustomGroundStay": 0,
        "CustomGroundResetXZ": false,
        "CustomResetXZ": false,
        "CustomResetY": false,
        "CustomDoLaunchSpeed": true,
        "Matrix6.6.1-VelocBoost": true,
        "Matrix6.6.1-TimerBoost": false,
        "MatrixBHop-Speed": 1.0,
        "MatrixBHop-NoTimer": false,
        "JumpLaunchSpeed": 0.98,
        "BoostSpeed": 1.02,
        "LaunchTimer": 0.97,
        "Timer": 1.2,
        "TeleportCubeCraft-PortLength": 1.0,
        "VerusHop-Up-Timer": true,
        "VerusHop-Up-Timer-Speed": 1.27,
        "TimerBoost": true,
        "VerusYPort-Speed": 0.61,
        "VerusYPort2-Speed": 0.61
      }
    },
    "SpeedMine": {
      "state": false,
      "keybind": 0,
      "array": true,
      "autodisable": "NONE",
      "trigger": "TOGGLE",
      "values": {
        "Speed": 1.5
      }
    },
    "Spider": {
      "state": false,
      "keybind": 0,
      "array": true,
      "autodisable": "NONE",
      "trigger": "TOGGLE",
      "values": {
        "Mode": "AAC4",
        "Height": 2,
        "Motion": 0.42
      }
    },
    "Sprint": {
      "state": true,
      "keybind": 0,
      "array": false,
      "autodisable": "NONE",
      "trigger": "TOGGLE",
      "values": {
        "JumpDirections": false,
        "AllDirections": false,
        "AllDirectionsBypass": "None",
        "Blindness": false,
        "UseItem": false,
        "Food": true,
        "ServerSideKeepSprint": false,
        "CheckServerSide": false,
        "CheckServerSideOnlyGround": false,
        "NoPacket": false,
        "AllDirectionsLimitSpeedOnlyGround": false,
        "AllDirectionsLimitSpeed": 0.7
      }
    },
    "Step": {
      "state": false,
      "keybind": 0,
      "array": true,
      "autodisable": "NONE",
      "trigger": "TOGGLE",
      "values": {
        "Mode": "Vulcan",
        "Height": 2.0,
        "JumpMotion": 0.42,
        "Delay": 0,
        "Timer": 1.0,
        "UseDynamicTimer": false
      }
    },
    "StorageESP": {
      "state": false,
      "keybind": 0,
      "array": true,
      "autodisable": "NONE",
      "trigger": "TOGGLE",
      "values": {
        "Mode": "Outline",
        "Outline-Width": 3.0,
        "Chest": true,
        "EnderChest": true,
        "Furnace": true,
        "Dispenser": true,
        "Hopper": true
      }
    },
    "Strafe": {
      "state": false,
      "keybind": 0,
      "array": true,
      "autodisable": "NONE",
      "trigger": "TOGGLE",
      "values": {
        "Strength": 0.5,
        "NoMoveStop": false,
        "OnGroundStrafe": false,
        "AllDirectionsJump": false
      }
    },
    "SuperKnockback": {
      "state": true,
      "keybind": 0,
      "array": false,
      "autodisable": "NONE",
      "trigger": "TOGGLE",
      "values": {
        "HurtTime": 10,
        "Mode": "WTap",
        "OnlyMove": true,
        "OnlyGround": true,
        "Delay": 333
      }
    },
    "SuperheroFX": {
      "state": false,
      "keybind": 0,
      "array": true,
      "autodisable": "NONE",
      "trigger": "TOGGLE",
      "values": {}
    },
    "Target": {
      "state": false,
      "keybind": 0,
      "trigger": "TOGGLE",
      "values": {
        "Player": true,
        "Animal": false,
        "Mob": false,
        "Invisible": false,
        "Dead": false
      }
    },
    "TargetStrafe": {
      "state": false,
      "keybind": 0,
      "array": true,
      "autodisable": "NONE",
      "trigger": "TOGGLE",
      "values": {
        "ThirdPersonView": false,
        "RenderMode": "Pentagon",
        "OnGround": false,
        "HoldSpace": false,
        "OnlySpeed": false,
        "keyFly": false,
        "Radius": 1.33
      }
    },
    "Teams": {
      "state": true,
      "keybind": 0,
      "array": false,
      "autodisable": "NONE",
      "trigger": "TOGGLE",
      "values": {
        "ScoreboardTeam": false,
        "Color": true,
        "GommeSW": false,
        "ArmorColor": false
      }
    },
    "Teleport": {
      "state": false,
      "keybind": 0,
      "array": true,
      "autodisable": "NONE",
      "trigger": "TOGGLE",
      "values": {
        "IgnoreNoCollision": true,
        "Mode": "Spoof",
        "Button": "Right",
        "NeedSneak": true
      }
    },
    "TestScaffold": {
      "state": false,
      "keybind": 0,
      "array": true,
      "autodisable": "NONE",
      "trigger": "TOGGLE",
      "values": {
        "Mode": "Normal",
        "MaxDelay": 0,
        "MinDelay": 0,
        "PlaceableDelay": false,
        "AutoBlock": true,
        "StayAutoBlock": false,
        "Sprint": true,
        "Swing": true,
        "Search": true,
        "Down": true,
        "PlaceTiming": "Post",
        "Eagle": false,
        "EagleSilent": false,
        "BlocksToEagle": 0,
        "ExpandLength": 5,
        "Rotations": true,
        "KeepRotationLength": 0,
        "KeepRotation": false,
        "Zitter": false,
        "ZitterMode": "Teleport",
        "ZitterSpeed": 0.13,
        "ZitterStrength": 0.072,
        "Timer": 1.0,
        "SpeedModifier": 1.0,
        "SameY": false,
        "SafeWalk": true,
        "AirSafe": false,
        "Counter": true,
        "Mark": false
      }
    },
    "Timer": {
      "state": false,
      "keybind": 0,
      "array": true,
      "autodisable": "RESPAWN",
      "trigger": "TOGGLE",
      "values": {
        "Speed": 2.0,
        "OnMove": true
      }
    },
    "Title": {
      "state": true,
      "keybind": 0,
      "array": false,
      "autodisable": "NONE",
      "trigger": "TOGGLE",
      "values": {}
    },
    "Tracers": {
      "state": false,
      "keybind": 0,
      "array": true,
      "autodisable": "NONE",
      "trigger": "TOGGLE",
      "values": {
        "Color": "Rainbow",
        "Thickness": 2.0,
        "R": 0,
        "G": 160,
        "B": 255,
        "A": 150,
        "DistanceMultiplier": 5.0,
        "PlayerHeight": true,
        "EntityHeight": true
      }
    },
    "TrueSight": {
      "state": false,
      "keybind": 0,
      "array": true,
      "autodisable": "NONE",
      "trigger": "TOGGLE",
      "values": {
        "Barriers": false,
        "Entities": true
      }
    },
    "Velocity": {
      "state": false,
      "keybind": 47,
      "array": true,
      "autodisable": "NONE",
      "trigger": "TOGGLE",
      "values": {
        "Horizontal": 0.0,
        "Vertical": 0.0,
        "VelocityTick": 10,
        "Mode": "Simple",
        "ReverseStrength": 1.0,
        "SmoothReverseStrength": 0.05,
        "AACPushXZReducer": 2.0,
        "AACPushYReducer": true,
        "PhaseHeight": 0.5,
        "PhaseOnlyGround": true,
        "LegitStrafe": false,
        "LegitFace": true,
        "RedeskyAlwaysReduce": true,
        "RedeskyOnlyDanger": false,
        "OnlyGround": false,
        "OnlyCombat": false,
        "noFire": true,
        "OverrideDirection": "None",
        "OverrideDirectionYaw": 0.0
      }
    },
    "VelocityPlus": {
      "state": false,
      "keybind": 0,
      "array": true,
      "autodisable": "NONE",
      "trigger": "TOGGLE",
      "values": {
        "Mode": "HytSpoof",
        "X-Percentage": 0.0,
        "Y-Percantage": 0.0,
        "Z-Percentage": 0.0,
        "SimpleCancel": true,
        "AAC5Simple-Height": 0.5,
        "AAC5Simple-OnlyGround": true,
        "SimpleGround": true,
        "HytNewC03Packet": true,
        "CancelS27": false,
        "Debug": true,
        "DisableReset": false,
        "DisableReset[Packet]": false
      }
    },
    "VulCanNoSlow": {
      "state": false,
      "keybind": 0,
      "array": true,
      "autodisable": "NONE",
      "trigger": "TOGGLE",
      "values": {}
    },
    "VulcanCriticals": {
      "state": false,
      "keybind": 0,
      "array": true,
      "autodisable": "NONE",
      "trigger": "TOGGLE",
      "values": {}
    },
    "Wings": {
      "state": false,
      "keybind": 0,
      "array": false,
      "autodisable": "NONE",
      "trigger": "TOGGLE",
      "values": {
        "OnlyThirdPerson": true
      }
    },
    "XRay": {
      "state": false,
      "keybind": 0,
      "array": true,
      "autodisable": "RESPAWN",
      "trigger": "TOGGLE",
      "values": {}
    }
  },
  "macros": {
    "macros": []
  }
}