[
  {
    "Type": "Notifications",
    "X": 0.0,
    "Y": 0.0,
    "Scale": 1.0,
    "HorizontalFacing": "Right",
    "VerticalFacing": "Down",
    "BackGroundAlpha": 235
  },
  {
    "Type": "Scoreboard",
    "X": 4.0,
    "Y": 46.0,
    "Scale": 1.0,
    "HorizontalFacing": "Right",
    "VerticalFacing": "Middle",
    "Text-R": 255,
    "Text-G": 255,
    "Text-B": 255,
    "Background-R": 0,
    "Background-G": 0,
    "Background-B": 0,
    "Background-Alpha": 95,
    "Rect": false,
    "Rect-Color": "Custom",
    "Rect-R": 0,
    "Rect-G": 111,
    "Rect-B": 255,
    "Rect-Alpha": 255,
    "Shadow": true,
    "ServerIp": "CrazySesne",
    "NoPoints": true,
    "Font": {
      "fontName": "Minecraft Font",
      "fontSize": -1
    }
  },
  {
    "Type": "Effects",
    "X": 182.0,
    "Y": 276.0,
    "Scale": 0.84999996,
    "HorizontalFacing": "Left",
    "VerticalFacing": "Up",
    "Font": {
      "fontName": "Roboto Medium",
      "fontSize": 35
    },
    "Shadow": true
  },
  {
    "Type": "Target2",
    "X": 373.0,
    "Y": -33.888885498046875,
    "Scale": 0.9,
    "HorizontalFacing": "Left",
    "VerticalFacing": "Middle",
    "Mode": "Rise",
    "SwitchMode": "Slide",
    "AnimSpeed": 10,
    "SwitchAnimSpeed": 20,
    "Red": 255,
    "Green": 255,
    "Blue": 255,
    "GradientRed": 255,
    "GradientGreen": 255,
    "GradientBlue": 255,
    "Font": {
      "fontName": "Roboto msyh",
      "fontSize": 35
    }
  },
  {
    "Type": "Arraylist",
    "X": 0.0,
    "Y": 0.0,
    "Scale": 0.99999994,
    "HorizontalFacing": "Right",
    "VerticalFacing": "Up",
    "Color": "CRainbow",
    "Blur": false,
    "Blur-Strength": 0.0,
    "Red": 255,
    "Green": 255,
    "Blue": 255,
    "Alpha": 255,
    "Saturation": 0.8942308,
    "Brightness": 1.0,
    "Sky-Distance": 2,
    "CRainbow-Seconds": 2,
    "CRainbow-Distance": 2,
    "Mixer-Seconds": 2,
    "Mixer-Distance": 2,
    "LiquidSlowly-Distance": 90,
    "Fade-Distance": 50,
    "CustomRainbow-Distance": 50,
    "HorizontalAnimation": "Default",
    "VerticalAnimation": "LiquidSense",
    "Animation-Speed": 0.25,
    "NameBreak": true,
    "Alphabetical-Order": false,
    "Tags": true,
    "TagsStyle": "|",
    "ShadowText": true,
    "Background-R": 0,
    "Background-G": 0,
    "Background-B": 0,
    "Background-Alpha": 0,
    "Rect-Right": "Outline",
    "Rect-Left": "Left",
    "LowerCase": false,
    "Space": 0.0,
    "TextHeight": 11.0,
    "TextY": 1.0,
    "TagsArrayColor": false,
    "Font": {
      "fontName": "Bold",
      "fontSize": 35
    }
  }
]
