[
  {
    "Type": "Armor",
    "X": -8.0,
    "Y": 57.0,
    "Scale": 1.0,
    "HorizontalFacing": "Middle",
    "VerticalFacing": "Down",
    "Alignment": "Horizontal"
  },
  {
    "Type": "Effects",
    "X": 732.0,
    "Y": 214.0,
    "Scale": 1.0,
    "HorizontalFacing": "Right",
    "VerticalFacing": "Down",
    "Font": {
      "fontName": "Minecraft Font",
      "fontSize": -1
    },
    "Shadow": true
  },
  {
    "Type": "Arraylist",
    "X": 4.0,
    "Y": 4.0,
    "Scale": 1.0,
    "HorizontalFacing": "Right",
    "VerticalFacing": "Up",
    "BRainbowSpeed": 90,
    "BRainbow-Saturation": 1.0,
    "BRainbow-Brightness": 1.0,
    "BRainbow-R": 0,
    "BRainbow-B": 50,
    "BRainbow-G": 50,
    "Rainbow-X": -1000.0,
    "Rainbow-Y": -1000.0,
    "Text-Color": "OriginalRainbow",
    "Text-R": 0,
    "Text-G": 111,
    "Text-B": 255,
    "R2": 0,
    "G2": 111,
    "B2": 255,
    "GidentSpeed": 100,
    "TwoRainbow": 1.0,
    "Rect-Color": "OriginalRainbow",
    "Rect-R": 255,
    "Rect-G": 255,
    "Rect-B": 255,
    "Rect-Alpha": 255,
    "Random-Saturation": 0.9,
    "Random-Brightness": 1.0,
    "Tags": true,
    "ShadowText": true,
    "Background-Color": "Custom",
    "Background-R": 0,
    "Background-G": 0,
    "Background-B": 0,
    "Background-Alpha": 0,
    "BackGroundWidth": 2,
    "Rect": "Outline",
    "UpperCase": false,
    "Space": 0.0,
    "TextHeight": 11.0,
    "TextY": 1.0,
    "TagsArrayColor": false,
    "NameBreak": false,
    "Font": {
      "fontName": "Roboto Medium",
      "fontSize": 40
    }
  },
  {
    "Type": "GameInfo2",
    "X": 2.0,
    "Y": 54.0,
    "Scale": 1.0999999,
    "HorizontalFacing": "Left",
    "VerticalFacing": "Up",
    "RectA": 98,
    "TextRed": 255,
    "TextGreen": 244,
    "TextBlue": 255,
    "Shadow": true,
    "Font": {
      "fontName": "Bold",
      "fontSize": 35
    }
  },
  {
    "Type": "Target",
    "X": 425.0,
    "Y": 225.0,
    "Scale": 1.0,
    "HorizontalFacing": "Left",
    "VerticalFacing": "Up",
    "FadeSpeed": 2.0,
    "Red": 255,
    "Green": 255,
    "Blue": 255,
    "R2": 0,
    "G2": 111,
    "B2": 255,
    "GidentSpeed": 100,
    "Distance": 0,
    "Amount": 25
  },
  {
    "Type": "Scoreboard",
    "X": 5.0,
    "Y": 0.0,
    "Scale": 1.0,
    "HorizontalFacing": "Right",
    "VerticalFacing": "Middle",
    "Text-R": 255,
    "Text-G": 255,
    "Text-B": 255,
    "Background-R": 0,
    "Background-G": 0,
    "Background-B": 0,
    "Background-Alpha": 96,
    "Rect": true,
    "Rect-Color": "Custom",
    "Rect-R": 0,
    "Rect-G": 111,
    "Rect-B": 255,
    "Rect-Alpha": 255,
    "Shadow": false,
    "Font": {
      "fontName": "Minecraft Font",
      "fontSize": -1
    }
  },
  {
    "Type": "Notifications",
    "X": 0.0,
    "Y": 0.0,
    "Scale": 1.0,
    "HorizontalFacing": "Right",
    "VerticalFacing": "Down",
    "BackGroundAlpha": 170,
    "Font": {
      "fontName": "Roboto Medium",
      "fontSize": 35
    }
  }
]
