[
  {
    "Type": "Effects",
    "X": 2.0,
    "Y": 10.0,
    "Scale": 1.0,
    "HorizontalFacing": "Right",
    "VerticalFacing": "Down",
    "Font": {
      "fontName": "Roboto Medium",
      "fontSize": 35
    },
    "Shadow": true,
    "Blur": 0.0
  },
  {
    "Type": "Effects",
    "X": 2.0,
    "Y": 10.0,
    "Scale": 1.0,
    "HorizontalFacing": "Right",
    "VerticalFacing": "Down",
    "Font": {
      "fontName": "Roboto Medium",
      "fontSize": 35
    },
    "Shadow": true,
    "Blur": 0.0
  },
  {
    "Type": "Armor",
    "X": -10.0,
    "Y": 59.0,
    "Scale": 0.9,
    "HorizontalFacing": "Middle",
    "VerticalFacing": "Down",
    "Text-Color": "Custom",
    "Brightness": 1.0,
    "Text-R": 255,
    "Text-G": 255,
    "Text-B": 255,
    "NewRainbowOffset": 1,
    "Saturation": 0.9,
    "AllSpeed": 0,
    "Blur": 0.0
  },
  {
    "Type": "Notifications",
    "X": 0.0,
    "Y": 41.0,
    "Scale": 1.0,
    "HorizontalFacing": "Right",
    "VerticalFacing": "Down",
    "Blur": 0.0
  },
  {
    "Type": "GameInfo",
    "X": 0.0,
    "Y": -10.0,
    "Scale": 1.0,
    "HorizontalFacing": "Left",
    "VerticalFacing": "Up",
    "BackgroundRed": 255,
    "BackgroundGreen": 255,
    "BackgroundBlue": 255,
    "BackgroundAlpha": 20,
    "RectRed": 255,
    "RectGreen": 255,
    "RectBlue": 255,
    "RectAlpha": 35,
    "TextRed": 244,
    "TextBlue": 255,
    "Blur": 0.0
  },
  {
    "Type": "Arraylist",
    "X": 5.0,
    "Y": 1.0,
    "Scale": 1.0,
    "HorizontalFacing": "Right",
    "VerticalFacing": "Up",
    "BRainbowSpeed": 90,
    "BRainbow-Saturation": 0.1262136,
    "BRainbow-Brightness": 1.0,
    "BRainbow-R": 0,
    "BRainbow-B": 50,
    "BRainbow-G": 50,
    "Rainbow-X": -1000.0,
    "Rainbow-Y": -1000.0,
    "Text-Color": "LRainbow",
    "Text-R": 180,
    "Text-G": 235,
    "Text-B": 255,
    "TwoRainbow": 1.0,
    "Rect-Color": "LRainbow",
    "Rect-R": 255,
    "Rect-G": 255,
    "Rect-B": 255,
    "Rect-Alpha": 255,
    "Random-Saturation": 0.9,
    "Random-Brightness": 1.0,
    "Tags": true,
    "ShadowText": true,
    "Background-Color": "Custom",
    "Background-R": 0,
    "Background-G": 0,
    "Background-B": 0,
    "Background-Alpha": 0,
    "BackGroundWidth": 2,
    "Rect": "Outline",
    "UpperCase": false,
    "Space": 1.2135922,
    "TextHeight": 9.669903,
    "TextY": 2.7184465,
    "TagsArrayColor": false,
    "NameBreak": false,
    "Font": {
      "fontName": "comfortaa35",
      "fontSize": 35
    },
    "Blur": 0.0
  },
  {
    "Type": "NewTargets",
    "X": 119.84210205078125,
    "Y": -54.73681640625,
    "Scale": 0.95,
    "HorizontalFacing": "Middle",
    "VerticalFacing": "Middle",
    "Mode": "Rise",
    "SwitchMode": "None",
    "AnimSpeed": 10,
    "SwitchAnimSpeed": 20,
    "Font": {
      "fontName": "regular40",
      "fontSize": 40
    },
    "Blur": 0.8403362
  },
  {
    "Type": "Scoreboard",
    "X": 14.0,
    "Y": 7.0,
    "Scale": 1.0,
    "HorizontalFacing": "Right",
    "VerticalFacing": "Middle",
    "Text-R": 255,
    "Text-G": 255,
    "Text-B": 255,
    "Background-R": 0,
    "Background-G": 0,
    "Background-B": 0,
    "Background-Alpha": 95,
    "Rect": true,
    "Rect-Color": "Rainbow",
    "Rect-R": 0,
    "Rect-G": 111,
    "Rect-B": 255,
    "Rect-Alpha": 255,
    "Shadow": false,
    "ServerIp": "Website",
    "NoPoints": true,
    "Font": {
      "fontName": "roboto35",
      "fontSize": 35
    },
    "Blur": 0.0
  }
]
